action_lable,python_signal,matlable_signal,,,,Datetime,matlable_signal,
Normal Open,'Normal Open','Normal Open',TRUE,,,2015/3/24 11:05,2015/3/24 11:05,TRUE
LockProfit Close,'LockProfit Close','LockProfit Close',TRUE,,,2015/3/25 9:40,2015/3/25 9:40,TRUE
Normal Open,'Normal Open','Normal Open',TRUE,,,2015/3/26 9:15,2015/3/26 9:15,TRUE
LockProfit Close,'LockProfit Close','LockProfit Close',TRUE,,,2015/3/27 9:15,2015/3/27 9:15,TRUE
Normal Open,'Normal Open','Normal Open',TRUE,,,2015/3/30 9:15,2015/3/30 9:15,TRUE
Prev+Profit Close,'Prev+Profit Close','Prev+Profit Close',TRUE,,,2015/3/31 9:15,2015/3/31 9:15,TRUE
Normal Open,'Normal Open','Normal Open',TRUE,,,2015/4/1 9:15,2015/4/1 9:15,TRUE
Normal Close,'Normal Close','Normal Close',TRUE,,,2015/4/2 9:15,2015/4/2 9:15,TRUE
Normal Open,'Normal Open','Normal Open',TRUE,,,2015/4/3 10:20,2015/4/3 10:20,TRUE
LockProfit Close,'LockProfit Close','LockProfit Close',TRUE,,,2015/4/7 9:15,2015/4/7 9:15,TRUE
Normal Open,'Normal Open','Normal Open',TRUE,,,2015/4/8 9:15,2015/4/8 9:15,TRUE
LockProfit Close,'LockProfit Close','LockProfit Close',TRUE,,,2015/4/9 9:15,2015/4/9 9:15,TRUE
Normal Open,'Normal Open','Normal Open',TRUE,,,2015/4/14 14:25,2015/4/14 14:25,TRUE
Normal Close,'Normal Close','Normal Close',TRUE,,,2015/4/15 9:15,2015/4/15 9:15,TRUE
Normal Open,'Normal Open','Normal Open',TRUE,,,2015/4/16 9:15,2015/4/16 9:15,TRUE
StopLoss Close,'StopLoss Close','StopLoss Close',TRUE,,,2015/4/17 14:05,2015/4/17 14:05,TRUE
Normal Open,'Normal Open','Normal Open',TRUE,,,2015/4/20 9:40,2015/4/20 9:40,TRUE
Normal Close,'Normal Close','Normal Close',TRUE,,,2015/4/21 9:15,2015/4/21 9:15,TRUE
Normal Open,'Normal Open','Normal Open',TRUE,,,2015/4/22 9:15,2015/4/22 9:15,TRUE
Prev+Profit Close,'Prev+Profit Close','Prev+Profit Close',TRUE,,,2015/4/23 9:15,2015/4/23 9:15,TRUE
Normal Open,'Normal Open','Normal Open',TRUE,,,2015/4/24 9:15,2015/4/24 9:15,TRUE
Normal Close,'Normal Close','Normal Close',TRUE,,,2015/4/27 9:15,2015/4/27 9:15,TRUE
Normal Open,'Normal Open','Normal Open',TRUE,,,2015/4/28 10:05,2015/4/28 10:05,TRUE
LockProfit Close,'LockProfit Close','LockProfit Close',TRUE,,,2015/4/29 10:00,2015/4/29 10:00,TRUE
Normal Open,'Normal Open','Normal Open',TRUE,,,2015/5/4 9:15,2015/5/4 9:15,TRUE
LockProfit Close,'LockProfit Close','LockProfit Close',TRUE,,,2015/5/5 9:15,2015/5/5 9:15,TRUE
Normal Open,'Normal Open','Normal Open',TRUE,,,2015/5/6 9:15,2015/5/6 9:15,TRUE
Prev+Profit Close,'Prev+Profit Close','Prev+Profit Close',TRUE,,,2015/5/7 9:15,2015/5/7 9:15,TRUE
Normal Open,'Normal Open','Normal Open',TRUE,,,2015/5/8 9:15,2015/5/8 9:15,TRUE
Prev+Profit Close,'Prev+Profit Close','Prev+Profit Close',TRUE,,,2015/5/11 9:15,2015/5/11 9:15,TRUE
Normal Open,'Normal Open','Normal Open',TRUE,,,2015/5/12 11:25,2015/5/12 11:25,TRUE
LockProfit Close,'LockProfit Close','LockProfit Close',TRUE,,,2015/5/13 9:15,2015/5/13 9:15,TRUE
Normal Open,'Normal Open','Normal Open',TRUE,,,2015/5/14 14:20,2015/5/14 14:20,TRUE
Normal Close,'Normal Close','Normal Close',TRUE,,,2015/5/15 9:30,2015/5/15 9:30,TRUE
Normal Open,'Normal Open','Normal Open',TRUE,,,2015/5/18 9:30,2015/5/18 9:30,TRUE
Prev+Profit Close,'Prev+Profit Close','Prev+Profit Close',TRUE,,,2015/5/19 9:15,2015/5/19 9:15,TRUE
Normal Open,'Normal Open','Normal Open',TRUE,,,2015/5/20 9:15,2015/5/20 9:15,TRUE
Normal Close,'Normal Close','Normal Close',TRUE,,,2015/5/21 14:20,2015/5/21 14:20,TRUE
Normal Open,'Normal Open','Normal Open',TRUE,,,2015/5/25 11:15,2015/5/25 11:15,TRUE
LockProfit Close,'LockProfit Close','LockProfit Close',TRUE,,,2015/5/26 9:15,2015/5/26 9:15,TRUE
Normal Open,'Normal Open','Normal Open',TRUE,,,2015/5/27 9:15,2015/5/27 9:15,TRUE
Prev+Profit Close,'Prev+Profit Close','Prev+Profit Close',TRUE,,,2015/5/28 9:15,2015/5/28 9:15,TRUE
Normal Open,'Normal Open','Normal Open',TRUE,,,2015/5/29 9:15,2015/5/29 9:15,TRUE
LockProfit Close,'LockProfit Close','LockProfit Close',TRUE,,,2015/6/1 9:15,2015/6/1 9:15,TRUE
Normal Open,'Normal Open','Normal Open',TRUE,,,2015/6/2 9:15,2015/6/2 9:15,TRUE
StopLoss Close,'StopLoss Close','StopLoss Close',TRUE,,,2015/6/3 9:20,2015/6/3 9:20,TRUE
Normal Open,'Normal Open','Normal Open',TRUE,,,2015/6/4 9:15,2015/6/4 9:15,TRUE
Normal Close,'Normal Close','Normal Close',TRUE,,,2015/6/5 9:15,2015/6/5 9:15,TRUE
Normal Open,'Normal Open','Normal Open',TRUE,,,2015/6/9 10:35,2015/6/9 10:35,TRUE
LockProfit Close,'LockProfit Close','LockProfit Close',TRUE,,,2015/6/10 9:15,2015/6/10 9:15,TRUE
Normal Open,'Normal Open','Normal Open',TRUE,,,2015/6/11 9:15,2015/6/11 9:15,TRUE
Prev+Profit Close,'Prev+Profit Close','Prev+Profit Close',TRUE,,,2015/6/12 9:15,2015/6/12 9:15,TRUE
Normal Open,'Normal Open','Normal Open',TRUE,,,2015/6/15 9:15,2015/6/15 9:15,TRUE
Normal Close,'Normal Close','Normal Close',TRUE,,,2015/6/16 9:15,2015/6/16 9:15,TRUE
Normal Open,'Normal Open','Normal Open',TRUE,,,2015/6/17 9:35,2015/6/17 9:35,TRUE
StopLoss Close,'StopLoss Close','StopLoss Close',TRUE,,,2015/6/18 9:25,2015/6/18 9:25,TRUE
Normal Open,'Normal Open','Normal Open',TRUE,,,2015/6/19 9:15,2015/6/19 9:15,TRUE
Prev+Profit Close,'Prev+Profit Close','Prev+Profit Close',TRUE,,,2015/6/23 9:15,2015/6/23 9:15,TRUE
Normal Open,'Normal Open','Normal Open',TRUE,,,2015/6/24 9:25,2015/6/24 9:25,TRUE
Normal Close,'Normal Close','Normal Close',TRUE,,,2015/6/25 9:20,2015/6/25 9:20,TRUE
Normal Open,'Normal Open','Normal Open',TRUE,,,2015/6/26 9:15,2015/6/26 9:15,TRUE
Normal Close,'Normal Close','Normal Close',TRUE,,,2015/6/29 9:15,2015/6/29 9:15,TRUE
Normal Open,'Normal Open','Normal Open',TRUE,,,2015/6/30 9:15,2015/6/30 9:15,TRUE
LockProfit Close,'LockProfit Close','LockProfit Close',TRUE,,,2015/7/2 9:15,2015/7/2 9:15,FALSE
Normal Open,'Normal Open','Normal Open',TRUE,,,2015/7/6 9:35,2015/7/6 9:35,FALSE
Normal Close,'Normal Close','Normal Close',TRUE,,,2015/7/7 9:15,2015/7/7 9:15,FALSE
Normal Open,'Normal Open','Normal Open',TRUE,,,2015/7/8 9:20,2015/7/8 9:20,TRUE
Prev+Profit Close,'Prev+Profit Close','Prev+Profit Close',TRUE,,,2015/7/9 9:15,2015/7/9 9:15,FALSE
Normal Open,'Normal Open','Normal Open',TRUE,,,2015/7/10 9:15,2015/7/10 9:15,FALSE
Prev+Profit Close,'Prev+Profit Close','Prev+Profit Close',TRUE,,,2015/7/13 9:15,2015/7/13 9:15,FALSE
Normal Open,'Normal Open','Normal Open',TRUE,,,2015/7/14 9:15,2015/7/14 9:15,FALSE
Prev+Profit Close,'Prev+Profit Close','Prev+Profit Close',TRUE,,,2015/7/15 9:15,2015/7/15 9:15,FALSE
Normal Open,'Normal Open','Normal Open',TRUE,,,2015/7/17 13:10,2015/7/17 13:10,TRUE
Normal Close,'Normal Close','Normal Close',TRUE,,,2015/7/20 9:15,2015/7/20 9:15,FALSE
Normal Open,'Normal Open','Normal Open',TRUE,,,2015/7/21 9:15,2015/7/21 9:15,FALSE
LockProfit Close,'LockProfit Close','LockProfit Close',TRUE,,,2015/7/22 9:15,2015/7/22 9:15,FALSE
Normal Open,'Normal Open','Normal Open',TRUE,,,2015/7/24 11:00,2015/7/24 11:00,FALSE
LockProfit Close,'LockProfit Close','LockProfit Close',TRUE,,,2015/7/27 9:50,2015/7/27 9:50,FALSE
Normal Open,'Normal Open','Normal Open',TRUE,,,2015/7/30 9:25,2015/7/30 9:25,TRUE
LockProfit Close,'LockProfit Close','LockProfit Close',TRUE,,,2015/7/31 9:35,2015/7/31 9:35,FALSE
Normal Open,'Normal Open','Normal Open',TRUE,,,2015/8/3 9:15,2015/8/3 9:15,FALSE
StopLoss Close,'StopLoss Close','StopLoss Close',TRUE,,,2015/8/4 9:25,2015/8/4 9:25,TRUE
Normal Open,'Normal Open','Normal Open',TRUE,,,2015/8/5 10:05,2015/8/5 10:05,TRUE
Normal Close,'Normal Close','Normal Close',TRUE,,,2015/8/6 14:30,2015/8/6 14:30,FALSE
Normal Open,'Normal Open','Normal Open',TRUE,,,2015/8/7 13:45,2015/8/7 13:45,FALSE
LockProfit Close,'LockProfit Close','LockProfit Close',TRUE,,,2015/8/10 14:50,2015/8/10 14:50,FALSE
Normal Open,'Normal Open','Normal Open',TRUE,,,2015/8/11 9:30,2015/8/11 9:30,FALSE
Normal Close,'Normal Close','Normal Close',TRUE,,,2015/8/12 9:15,2015/8/12 9:15,FALSE
Normal Open,'Normal Open','Normal Open',TRUE,,,2015/8/13 9:20,2015/8/13 9:20,TRUE
Normal Close,'Normal Close','Normal Close',TRUE,,,2015/8/14 11:00,2015/8/14 11:00,FALSE
Normal Open,'Normal Open','Normal Open',TRUE,,,2015/8/17 9:15,2015/8/17 9:15,FALSE
Normal Close,'Normal Close','Normal Close',TRUE,,,2015/8/20 14:25,2015/8/20 14:25,FALSE
Normal Open,'Normal Open','Normal Open',TRUE,,,2015/8/21 13:05,2015/8/21 13:05,TRUE
Normal Close,'Normal Close','Normal Close',TRUE,,,2015/8/24 9:30,2015/8/24 9:30,FALSE
Normal Open,'Normal Open','Normal Open',TRUE,,,2015/8/31 9:15,2015/8/31 9:15,FALSE
Normal Close,'Normal Close','Normal Close',TRUE,,,2015/9/1 9:15,2015/9/1 9:15,FALSE
Normal Open,'Normal Open','Normal Open',TRUE,,,2015/9/2 9:15,2015/9/2 9:15,FALSE
LockProfit Close,'LockProfit Close','LockProfit Close',TRUE,,,2015/9/7 9:15,2015/9/7 9:15,FALSE
Normal Open,'Normal Open','Normal Open',TRUE,,,2015/9/8 9:15,2015/9/8 9:15,FALSE
Prev+Profit Close,'Prev+Profit Close','Prev+Profit Close',TRUE,,,2015/9/9 9:15,2015/9/9 9:15,FALSE
Normal Open,'Normal Open','Normal Open',TRUE,,,2015/9/10 9:15,2015/9/10 9:15,FALSE
StopLoss Close,'StopLoss Close','StopLoss Close',TRUE,,,2015/9/11 9:20,2015/9/11 9:20,TRUE
Normal Open,'Normal Open','Normal Open',TRUE,,,2015/9/16 10:40,2015/9/16 10:40,FALSE
LockProfit Close,'LockProfit Close','LockProfit Close',TRUE,,,2015/9/17 10:35,2015/9/17 10:35,FALSE
Normal Open,'Normal Open','Normal Open',TRUE,,,2015/9/18 14:45,2015/9/18 14:45,FALSE
LockProfit Close,'LockProfit Close','LockProfit Close',TRUE,,,2015/9/22 11:25,2015/9/22 11:25,FALSE
Normal Open,'Normal Open','Normal Open',TRUE,,,2015/9/24 9:50,2015/9/24 9:50,FALSE
StopLoss Close,'StopLoss Close','StopLoss Close',TRUE,,,2015/9/25 9:20,2015/9/25 9:20,TRUE
Normal Open,'Normal Open','Normal Open',TRUE,,,2015/9/30 9:20,2015/9/30 9:20,TRUE
Normal Close,'Normal Close','Normal Close',TRUE,,,2015/10/9 9:20,2015/10/9 9:20,TRUE
Normal Open,'Normal Open','Normal Open',TRUE,,,2015/10/12 10:45,2015/10/12 10:45,FALSE
StopLoss Close,'StopLoss Close','StopLoss Close',TRUE,,,2015/10/13 9:20,2015/10/13 9:20,TRUE
Normal Open,'Normal Open','Normal Open',TRUE,,,2015/10/14 9:20,2015/10/14 9:20,TRUE
Prev+Profit Close,'Prev+Profit Close','Prev+Profit Close',TRUE,,,2015/10/15 9:15,2015/10/15 9:15,FALSE
Normal Open,'Normal Open','Normal Open',TRUE,,,2015/10/16 9:15,2015/10/16 9:15,FALSE
Prev+Profit Close,'Prev+Profit Close','Prev+Profit Close',TRUE,,,2015/10/19 9:15,2015/10/19 9:15,FALSE
Normal Open,'Normal Open','Normal Open',TRUE,,,2015/10/20 9:20,2015/10/20 9:20,TRUE
StopLoss Close,'StopLoss Close','StopLoss Close',TRUE,,,2015/10/21 9:20,2015/10/21 9:20,TRUE
Normal Open,'Normal Open','Normal Open',TRUE,,,2015/10/22 9:15,2015/10/22 9:15,FALSE
Normal Close,'Normal Close','Normal Close',TRUE,,,2015/10/23 9:15,2015/10/23 9:15,FALSE
Normal Open,'Normal Open','Normal Open',TRUE,,,2015/10/26 9:15,2015/10/26 9:15,FALSE
Normal Close,'Normal Close','Normal Close',TRUE,,,2015/10/27 9:15,2015/10/27 9:15,FALSE
Normal Open,'Normal Open','Normal Open',TRUE,,,2015/10/28 13:35,2015/10/28 13:35,FALSE
LockProfit Close,'LockProfit Close','LockProfit Close',TRUE,,,2015/10/29 9:15,2015/10/29 9:15,FALSE
Normal Open,'Normal Open','Normal Open',TRUE,,,2015/10/30 9:15,2015/10/30 9:15,FALSE
StopLoss Close,'StopLoss Close','StopLoss Close',TRUE,,,2015/11/2 9:20,2015/11/2 9:20,TRUE
Normal Open,'Normal Open','Normal Open',TRUE,,,2015/11/3 9:15,2015/11/3 9:15,FALSE
LockProfit Close,'LockProfit Close','LockProfit Close',TRUE,,,2015/11/4 9:15,2015/11/4 9:15,FALSE
Normal Open,'Normal Open','Normal Open',TRUE,,,2015/11/6 9:20,2015/11/6 9:20,TRUE
LockProfit Close,'LockProfit Close','LockProfit Close',TRUE,,,2015/11/9 9:15,2015/11/9 9:15,FALSE
Normal Open,'Normal Open','Normal Open',TRUE,,,2015/11/10 9:15,2015/11/10 9:15,FALSE
Normal Close,'Normal Close','Normal Close',TRUE,,,2015/11/11 9:15,2015/11/11 9:15,FALSE
Normal Open,'Normal Open','Normal Open',TRUE,,,2015/11/12 9:15,2015/11/12 9:15,FALSE
Normal Close,'Normal Close','Normal Close',TRUE,,,2015/11/13 9:15,2015/11/13 9:15,FALSE
Normal Open,'Normal Open','Normal Open',TRUE,,,2015/11/16 9:15,2015/11/16 9:15,FALSE
LockProfit Close,'LockProfit Close','LockProfit Close',TRUE,,,2015/11/17 9:55,2015/11/17 9:55,FALSE
Normal Open,'Normal Open','Normal Open',TRUE,,,2015/11/18 9:45,2015/11/18 9:45,TRUE
LockProfit Close,'LockProfit Close','LockProfit Close',TRUE,,,2015/11/19 9:15,2015/11/19 9:15,FALSE
Normal Open,'Normal Open','Normal Open',TRUE,,,2015/11/20 9:15,2015/11/20 9:15,FALSE
Normal Close,'Normal Close','Normal Close',TRUE,,,2015/11/23 9:15,2015/11/23 9:15,FALSE
Normal Open,'Normal Open','Normal Open',TRUE,,,2015/11/24 9:15,2015/11/24 9:15,FALSE
Normal Close,'Normal Close','Normal Close',TRUE,,,2015/11/25 9:15,2015/11/25 9:15,FALSE
Normal Open,'Normal Open','Normal Open',TRUE,,,2015/11/26 9:15,2015/11/26 9:15,FALSE
StopLoss Close,'StopLoss Close','StopLoss Close',TRUE,,,2015/11/27 9:20,2015/11/27 9:20,TRUE
Normal Open,'Normal Open','Normal Open',TRUE,,,2015/11/30 9:15,2015/11/30 9:15,FALSE
StopLoss Close,'StopLoss Close','StopLoss Close',TRUE,,,2015/12/1 9:20,2015/12/1 9:20,TRUE
Normal Open,'Normal Open','Normal Open',TRUE,,,2015/12/2 9:15,2015/12/2 9:15,FALSE
LockProfit Close,'LockProfit Close','LockProfit Close',TRUE,,,2015/12/3 9:25,2015/12/3 9:25,TRUE
Normal Open,'Normal Open','Normal Open',TRUE,,,2015/12/4 14:25,2015/12/4 14:25,FALSE
LockProfit Close,'LockProfit Close','LockProfit Close',TRUE,,,2015/12/7 9:25,2015/12/7 9:25,TRUE
Normal Open,'Normal Open','Normal Open',TRUE,,,2015/12/9 10:00,2015/12/9 10:00,FALSE
Normal Close,'Normal Close','Normal Close',TRUE,,,2015/12/10 11:00,2015/12/10 11:00,FALSE
Normal Open,'Normal Open','Normal Open',TRUE,,,2015/12/11 9:15,2015/12/11 9:15,FALSE
LockProfit Close,'LockProfit Close','LockProfit Close',TRUE,,,2015/12/14 13:35,2015/12/14 13:35,FALSE
Normal Open,'Normal Open','Normal Open',TRUE,,,2015/12/22 14:30,2015/12/22 14:30,FALSE
Normal Close,'Normal Close','Normal Close',TRUE,,,2015/12/24 9:55,2015/12/24 9:55,FALSE
Normal Open,'Normal Open','Normal Open',TRUE,,,2015/12/28 9:25,2015/12/28 9:25,TRUE
StopLoss Close,'StopLoss Close','StopLoss Close',TRUE,,,2015/12/29 9:20,2015/12/29 9:20,TRUE
Normal Open,'Normal Open','Normal Open',TRUE,,,2015/12/30 9:15,2015/12/30 9:15,FALSE
StopLoss Close,'StopLoss Close','StopLoss Close',TRUE,,,2015/12/31 9:35,2015/12/31 9:35,FALSE
Normal Open,'Normal Open','Normal Open',TRUE,,,2016/1/4 9:15,2016/1/4 9:15,FALSE
Prev+Profit Close,'Prev+Profit Close','Prev+Profit Close',TRUE,,,2016/1/5 9:15,2016/1/5 9:15,FALSE
Normal Open,'Normal Open','Normal Open',TRUE,,,2016/1/6 9:15,2016/1/6 9:15,FALSE
Normal Close,'Normal Close','Normal Close',TRUE,,,2016/1/7 9:15,2016/1/7 9:15,FALSE
Normal Open,'Normal Open','Normal Open',TRUE,,,2016/1/8 9:15,2016/1/8 9:15,FALSE
StopLoss Close,'StopLoss Close','StopLoss Close',TRUE,,,2016/1/11 9:25,2016/1/11 9:25,TRUE
Normal Open,'Normal Open','Normal Open',TRUE,,,2016/1/12 9:20,2016/1/12 9:20,TRUE
Normal Close,'Normal Close','Normal Close',TRUE,,,2016/1/13 9:15,2016/1/13 9:15,FALSE
Normal Open,'Normal Open','Normal Open',TRUE,,,2016/1/14 10:00,2016/1/14 10:00,FALSE
LockProfit Close,'LockProfit Close','LockProfit Close',TRUE,,,2016/1/15 9:15,2016/1/15 9:15,FALSE
Normal Open,'Normal Open','Normal Open',TRUE,,,2016/1/18 9:25,2016/1/18 9:25,TRUE
LockProfit Close,'LockProfit Close','LockProfit Close',TRUE,,,2016/1/19 9:15,2016/1/19 9:15,FALSE
Normal Open,'Normal Open','Normal Open',TRUE,,,2016/1/20 9:15,2016/1/20 9:15,FALSE
StopLoss Close,'StopLoss Close','StopLoss Close',TRUE,,,2016/1/21 10:30,2016/1/21 10:30,TRUE
Normal Open,'Normal Open','Normal Open',TRUE,,,2016/1/25 9:15,2016/1/25 9:15,FALSE
LockProfit Close,'LockProfit Close','LockProfit Close',TRUE,,,2016/1/26 9:15,2016/1/26 9:15,FALSE
Normal Open,'Normal Open','Normal Open',TRUE,,,2016/1/27 9:15,2016/1/27 9:15,FALSE
StopLoss Close,'StopLoss Close','StopLoss Close',TRUE,,,2016/1/28 9:20,2016/1/28 9:20,TRUE
Normal Open,'Normal Open','Normal Open',TRUE,,,2016/2/1 14:30,2016/2/1 14:30,FALSE
LockProfit Close,'LockProfit Close','LockProfit Close',TRUE,,,2016/2/2 10:45,2016/2/2 10:45,FALSE
Normal Open,'Normal Open','Normal Open',TRUE,,,2016/2/3 9:15,2016/2/3 9:15,FALSE
StopLoss Close,'StopLoss Close','StopLoss Close',TRUE,,,2016/2/4 9:20,2016/2/4 9:20,TRUE
Normal Open,'Normal Open','Normal Open',TRUE,,,2016/2/16 9:20,2016/2/16 9:20,TRUE
LockProfit Close,'LockProfit Close','LockProfit Close',TRUE,,,2016/2/18 9:15,2016/2/18 9:15,FALSE
Normal Open,'Normal Open','Normal Open',TRUE,,,2016/2/22 9:15,2016/2/22 9:15,FALSE
LockProfit Close,'LockProfit Close','LockProfit Close',TRUE,,,2016/2/25 9:15,2016/2/25 9:15,FALSE
Normal Open,'Normal Open','Normal Open',TRUE,,,2016/2/26 9:15,2016/2/26 9:15,FALSE
LockProfit Close,'LockProfit Close','LockProfit Close',TRUE,,,2016/2/29 10:20,2016/2/29 10:20,FALSE
Normal Open,'Normal Open','Normal Open',TRUE,,,2016/3/1 10:45,2016/3/1 10:45,FALSE
LockProfit Close,'LockProfit Close','LockProfit Close',TRUE,,,2016/3/2 13:40,2016/3/2 13:40,FALSE
Normal Open,'Normal Open','Normal Open',TRUE,,,2016/3/3 9:25,2016/3/3 9:25,TRUE
Normal Close,'Normal Close','Normal Close',TRUE,,,2016/3/4 9:35,2016/3/4 9:35,FALSE
Normal Open,'Normal Open','Normal Open',TRUE,,,2016/3/7 9:15,2016/3/7 9:15,FALSE
LockProfit Close,'LockProfit Close','LockProfit Close',TRUE,,,2016/3/8 9:15,2016/3/8 9:15,FALSE
Normal Open,'Normal Open','Normal Open',TRUE,,,2016/3/9 9:20,2016/3/9 9:20,TRUE
Normal Close,'Normal Close','Normal Close',TRUE,,,2016/3/10 9:15,2016/3/10 9:15,FALSE
Normal Open,'Normal Open','Normal Open',TRUE,,,2016/3/14 9:25,2016/3/14 9:25,TRUE
LockProfit Close,'LockProfit Close','LockProfit Close',TRUE,,,2016/3/15 9:50,2016/3/15 9:50,FALSE
Normal Open,'Normal Open','Normal Open',TRUE,,,2016/3/17 14:00,2016/3/17 14:00,FALSE
LockProfit Close,'LockProfit Close','LockProfit Close',TRUE,,,2016/3/18 9:15,2016/3/18 9:15,FALSE
Normal Open,'Normal Open','Normal Open',TRUE,,,2016/3/21 9:30,2016/3/21 9:30,FALSE
Normal Close,'Normal Close','Normal Close',TRUE,,,2016/3/22 14:50,2016/3/22 14:50,FALSE
Normal Open,'Normal Open','Normal Open',TRUE,,,2016/3/28 9:30,2016/3/28 9:30,FALSE
LockProfit Close,'LockProfit Close','LockProfit Close',TRUE,,,2016/3/29 9:20,2016/3/29 9:20,TRUE
Normal Open,'Normal Open','Normal Open',TRUE,,,2016/4/5 14:20,2016/4/5 14:20,FALSE
LockProfit Close,'LockProfit Close','LockProfit Close',TRUE,,,2016/4/6 9:40,2016/4/6 9:40,TRUE
Normal Open,'Normal Open','Normal Open',TRUE,,,2016/4/7 13:55,2016/4/7 13:55,TRUE
Normal Close,'Normal Close','Normal Close',TRUE,,,2016/4/8 11:25,2016/4/8 11:25,FALSE
Normal Open,'Normal Open','Normal Open',TRUE,,,2016/4/13 9:20,2016/4/13 9:20,TRUE
LockProfit Close,'LockProfit Close','LockProfit Close',TRUE,,,2016/4/14 9:25,2016/4/14 9:25,TRUE
Normal Open,'Normal Open','Normal Open',TRUE,,,2016/4/15 9:15,2016/4/15 9:15,FALSE
Normal Close,'Normal Close','Normal Close',TRUE,,,2016/4/18 9:15,2016/4/18 9:15,FALSE
Normal Open,'Normal Open','Normal Open',TRUE,,,2016/4/19 9:15,2016/4/19 9:15,FALSE
LockProfit Close,'LockProfit Close','LockProfit Close',TRUE,,,2016/4/20 13:00,2016/4/20 13:00,FALSE
Normal Open,'Normal Open','Normal Open',TRUE,,,2016/4/21 9:25,2016/4/21 9:25,TRUE
Normal Close,'Normal Close','Normal Close',TRUE,,,2016/4/22 9:15,2016/4/22 9:15,FALSE
Normal Open,'Normal Open','Normal Open',TRUE,,,2016/4/25 9:30,2016/4/25 9:30,FALSE
Normal Close,'Normal Close','Normal Close',TRUE,,,2016/4/26 9:45,2016/4/26 9:45,TRUE
Normal Open,'Normal Open','Normal Open',TRUE,,,2016/5/4 9:15,2016/5/4 9:15,FALSE
Normal Close,'Normal Close','Normal Close',TRUE,,,2016/5/6 13:00,2016/5/6 13:00,FALSE
Normal Open,'Normal Open','Normal Open',TRUE,,,2016/5/10 10:55,2016/5/10 10:55,TRUE
LockProfit Close,'LockProfit Close','LockProfit Close',TRUE,,,2016/5/11 9:15,2016/5/11 9:15,FALSE
Normal Open,'Normal Open','Normal Open',TRUE,,,2016/5/13 10:15,2016/5/13 10:15,FALSE
LockProfit Close,'LockProfit Close','LockProfit Close',TRUE,,,2016/5/16 9:20,2016/5/16 9:20,TRUE
Normal Open,'Normal Open','Normal Open',TRUE,,,2016/5/17 9:15,2016/5/17 9:15,FALSE
LockProfit Close,'LockProfit Close','LockProfit Close',TRUE,,,2016/5/18 9:15,2016/5/18 9:15,FALSE
Normal Open,'Normal Open','Normal Open',TRUE,,,2016/5/19 9:15,2016/5/19 9:15,FALSE
Normal Close,'Normal Close','Normal Close',TRUE,,,2016/5/20 9:15,2016/5/20 9:15,FALSE
Normal Open,'Normal Open','Normal Open',TRUE,,,2016/5/26 11:00,2016/5/26 11:00,FALSE
LockProfit Close,'LockProfit Close','LockProfit Close',TRUE,,,2016/5/30 15:05,2016/5/31 9:55,FALSE
Normal Open,'Normal Open','Normal Open',TRUE,,,2016/6/2 11:15,2016/6/2 11:15,TRUE
LockProfit Close,'LockProfit Close','LockProfit Close',TRUE,,,2016/6/3 10:20,2016/6/3 10:20,FALSE
Normal Open,'Normal Open','Normal Open',TRUE,,,2016/6/8 9:30,2016/6/8 9:30,FALSE
Normal Close,'Normal Close','Normal Close',TRUE,,,2016/6/13 14:55,2016/6/13 14:55,TRUE
Normal Open,'Normal Open','Normal Open',TRUE,,,2016/6/21 9:25,2016/6/21 9:25,TRUE
StopLoss Close,'StopLoss Close','StopLoss Close',TRUE,,,2016/6/22 9:20,2016/6/22 9:20,TRUE
Normal Open,'Normal Open','Normal Open',TRUE,,,2016/6/28 9:50,2016/6/28 9:50,FALSE
LockProfit Close,'LockProfit Close','LockProfit Close',TRUE,,,2016/6/29 9:15,2016/6/29 9:15,FALSE
Normal Open,'Normal Open','Normal Open',TRUE,,,2016/7/4 9:35,2016/7/4 9:35,FALSE
LockProfit Close,'LockProfit Close','LockProfit Close',TRUE,,,2016/7/5 9:15,2016/7/5 9:15,FALSE
Normal Open,'Normal Open','Normal Open',TRUE,,,2016/7/6 9:15,2016/7/6 9:15,FALSE
Normal Close,'Normal Close','Normal Close',TRUE,,,2016/7/7 9:15,2016/7/7 9:15,FALSE
Normal Open,'Normal Open','Normal Open',TRUE,,,2016/7/11 9:20,2016/7/11 9:20,TRUE
LockProfit Close,'LockProfit Close','LockProfit Close',TRUE,,,2016/7/12 9:15,2016/7/12 9:15,FALSE
Normal Open,'Normal Open','Normal Open',TRUE,,,2016/7/13 14:25,2016/7/13 14:25,FALSE
Normal Close,'Normal Close','Normal Close',TRUE,,,2016/7/14 13:20,2016/7/14 13:20,FALSE
Normal Open,'Normal Open','Normal Open',TRUE,,,2016/7/15 10:00,2016/7/15 10:00,FALSE
StopLoss Close,'StopLoss Close','StopLoss Close',TRUE,,,2016/7/18 9:20,2016/7/18 9:20,TRUE
Normal Open,'Normal Open','Normal Open',TRUE,,,2016/7/21 10:25,2016/7/21 10:25,TRUE
LockProfit Close,'LockProfit Close','LockProfit Close',TRUE,,,2016/7/22 9:15,2016/7/22 9:15,FALSE
Normal Open,'Normal Open','Normal Open',TRUE,,,2016/7/25 9:30,2016/7/25 9:30,FALSE
LockProfit Close,'LockProfit Close','LockProfit Close',TRUE,,,2016/7/26 9:20,2016/7/26 9:20,TRUE
Normal Open,'Normal Open','Normal Open',TRUE,,,2016/8/1 9:25,2016/8/1 9:25,TRUE
Normal Close,'Normal Close','Normal Close',TRUE,,,2016/8/2 14:40,2016/8/2 14:40,TRUE
Normal Open,'Normal Open','Normal Open',TRUE,,,2016/8/8 9:15,2016/8/8 9:15,FALSE
Normal Close,'Normal Close','Normal Close',TRUE,,,2016/8/9 9:25,2016/8/9 9:25,TRUE
Normal Open,'Normal Open','Normal Open',TRUE,,,2016/8/10 14:00,2016/8/10 14:00,FALSE
LockProfit Close,'LockProfit Close','LockProfit Close',TRUE,,,2016/8/11 9:15,2016/8/11 9:15,FALSE
Normal Open,'Normal Open','Normal Open',TRUE,,,2016/8/15 13:45,2016/8/15 13:45,FALSE
LockProfit Close,'LockProfit Close','LockProfit Close',TRUE,,,2016/8/16 14:05,2016/8/16 14:05,FALSE
Normal Open,'Normal Open','Normal Open',TRUE,,,2016/8/17 9:20,2016/8/17 9:20,TRUE
Normal Close,'Normal Close','Normal Close',TRUE,,,2016/8/18 9:20,2016/8/18 9:20,TRUE
Normal Open,'Normal Open','Normal Open',TRUE,,,2016/8/19 9:15,2016/8/19 9:15,FALSE
LockProfit Close,'LockProfit Close','LockProfit Close',TRUE,,,2016/8/22 9:15,2016/8/22 9:15,FALSE
Normal Open,'Normal Open','Normal Open',TRUE,,,2016/8/23 10:15,2016/8/23 10:15,FALSE
LockProfit Close,'LockProfit Close','LockProfit Close',TRUE,,,2016/8/24 9:15,2016/8/24 9:15,FALSE
Normal Open,'Normal Open','Normal Open',TRUE,,,2016/8/25 14:10,2016/8/25 14:10,TRUE
Normal Close,'Normal Close','Normal Close',TRUE,,,2016/8/26 10:45,2016/8/26 10:45,FALSE
Normal Open,'Normal Open','Normal Open',TRUE,,,2016/8/29 9:30,2016/8/29 9:30,FALSE
LockProfit Close,'LockProfit Close','LockProfit Close',TRUE,,,2016/8/30 9:30,2016/8/30 9:30,FALSE
Normal Open,'Normal Open','Normal Open',TRUE,,,2016/8/31 9:15,2016/8/31 9:15,FALSE
LockProfit Close,'LockProfit Close','LockProfit Close',TRUE,,,2016/9/1 9:35,2016/9/1 9:35,FALSE
Normal Open,'Normal Open','Normal Open',TRUE,,,2016/9/5 9:20,2016/9/5 9:20,TRUE
LockProfit Close,'LockProfit Close','LockProfit Close',TRUE,,,2016/9/7 13:30,2016/9/7 13:30,TRUE
Normal Open,'Normal Open','Normal Open',TRUE,,,2016/9/12 9:15,2016/9/12 9:15,FALSE
Normal Close,'Normal Close','Normal Close',TRUE,,,2016/9/13 9:50,2016/9/13 9:50,FALSE
Normal Open,'Normal Open','Normal Open',TRUE,,,2016/9/21 9:15,2016/9/21 9:15,FALSE
Normal Close,'Normal Close','Normal Close',TRUE,,,2016/9/22 9:15,2016/9/22 9:15,FALSE
Normal Open,'Normal Open','Normal Open',TRUE,,,2016/9/28 10:05,2016/9/28 10:05,TRUE
Normal Close,'Normal Close','Normal Close',TRUE,,,2016/10/10 9:15,2016/10/10 9:15,FALSE
Normal Open,'Normal Open','Normal Open',TRUE,,,2016/10/12 9:30,2016/10/12 9:30,FALSE
LockProfit Close,'LockProfit Close','LockProfit Close',TRUE,,,2016/10/13 9:20,2016/10/13 9:20,TRUE
Normal Open,'Normal Open','Normal Open',TRUE,,,2016/10/24 14:05,2016/10/24 14:05,FALSE
LockProfit Close,'LockProfit Close','LockProfit Close',TRUE,,,2016/10/25 9:15,2016/10/25 9:15,FALSE
Normal Open,'Normal Open','Normal Open',TRUE,,,2016/10/26 9:15,2016/10/26 9:15,FALSE
Normal Close,'Normal Close','Normal Close',TRUE,,,2016/10/27 13:45,2016/10/27 13:45,FALSE
Normal Open,'Normal Open','Normal Open',TRUE,,,2016/10/31 9:25,2016/10/31 9:25,TRUE
LockProfit Close,'LockProfit Close','LockProfit Close',TRUE,,,2016/11/1 9:15,2016/11/1 9:15,FALSE
Normal Open,'Normal Open','Normal Open',TRUE,,,2016/11/7 10:15,2016/11/7 10:15,FALSE
LockProfit Close,'LockProfit Close','LockProfit Close',TRUE,,,2016/11/8 9:15,2016/11/8 9:15,FALSE
Normal Open,'Normal Open','Normal Open',TRUE,,,2016/11/9 9:15,2016/11/9 9:15,FALSE
Prev+Profit Close,'Prev+Profit Close','Prev+Profit Close',TRUE,,,2016/11/10 9:15,2016/11/10 9:15,FALSE
Normal Open,'Normal Open','Normal Open',TRUE,,,2016/11/11 9:15,2016/11/11 9:15,FALSE
LockProfit Close,'LockProfit Close','LockProfit Close',TRUE,,,2016/11/14 9:50,2016/11/14 9:50,FALSE
Normal Open,'Normal Open','Normal Open',TRUE,,,2016/11/15 9:15,2016/11/15 9:15,FALSE
StopLoss Close,'StopLoss Close','StopLoss Close',TRUE,,,2016/11/16 9:55,2016/11/16 9:55,FALSE
Normal Open,'Normal Open','Normal Open',TRUE,,,2016/11/17 9:15,2016/11/17 9:15,FALSE
LockProfit Close,'LockProfit Close','LockProfit Close',TRUE,,,2016/11/18 9:15,2016/11/18 9:15,FALSE
Normal Open,'Normal Open','Normal Open',TRUE,,,2016/11/21 9:15,2016/11/21 9:15,FALSE
Normal Close,'Normal Close','Normal Close',TRUE,,,2016/11/22 9:15,2016/11/22 9:15,FALSE
Normal Open,'Normal Open','Normal Open',TRUE,,,2016/11/23 9:15,2016/11/23 9:15,FALSE
Normal Close,'Normal Close','Normal Close',TRUE,,,2016/11/28 10:15,2016/11/28 10:15,FALSE
Normal Open,'Normal Open','Normal Open',TRUE,,,2016/11/29 9:15,2016/11/29 9:15,FALSE
LockProfit Close,'LockProfit Close','LockProfit Close',TRUE,,,2016/11/30 9:15,2016/11/30 9:15,FALSE
Normal Open,'Normal Open','Normal Open',TRUE,,,2016/12/1 9:15,2016/12/1 9:15,FALSE
LockProfit Close,'LockProfit Close','LockProfit Close',TRUE,,,2016/12/2 9:15,2016/12/2 9:15,FALSE
Normal Open,'Normal Open','Normal Open',TRUE,,,2016/12/5 9:15,2016/12/5 9:15,FALSE
LockProfit Close,'LockProfit Close','LockProfit Close',TRUE,,,2016/12/6 9:15,2016/12/6 9:15,FALSE
Normal Open,'Normal Open','Normal Open',TRUE,,,2016/12/7 9:20,2016/12/7 9:20,TRUE
Normal Close,'Normal Close','Normal Close',TRUE,,,2016/12/8 9:15,2016/12/8 9:15,FALSE
Normal Open,'Normal Open','Normal Open',TRUE,,,2016/12/9 9:15,2016/12/9 9:15,FALSE
Prev+Profit Close,'Prev+Profit Close','Prev+Profit Close',TRUE,,,2016/12/12 9:15,2016/12/12 9:15,FALSE
Normal Open,'Normal Open','Normal Open',TRUE,,,2016/12/13 9:15,2016/12/13 9:15,FALSE
Normal Close,'Normal Close','Normal Close',TRUE,,,2016/12/14 9:15,2016/12/14 9:15,FALSE
Normal Open,'Normal Open','Normal Open',TRUE,,,2016/12/15 9:15,2016/12/15 9:15,FALSE
Prev+Profit Close,'Prev+Profit Close','Prev+Profit Close',TRUE,,,2016/12/16 9:15,2016/12/16 9:15,FALSE
Normal Open,'Normal Open','Normal Open',TRUE,,,2016/12/19 9:15,2016/12/19 9:15,FALSE
Prev+Profit Close,'Prev+Profit Close','Prev+Profit Close',TRUE,,,2016/12/20 9:15,2016/12/20 9:15,FALSE
Normal Open,'Normal Open','Normal Open',TRUE,,,2016/12/21 9:20,2016/12/21 9:20,TRUE
StopLoss Close,'StopLoss Close','StopLoss Close',TRUE,,,2016/12/22 9:20,2016/12/22 9:20,TRUE
Normal Open,'Normal Open','Normal Open',TRUE,,,2016/12/23 9:20,2016/12/23 9:20,TRUE
Prev+Profit Close,'Prev+Profit Close','Prev+Profit Close',TRUE,,,2016/12/26 9:15,2016/12/26 9:15,FALSE
Normal Open,'Normal Open','Normal Open',TRUE,,,2016/12/28 9:15,2016/12/28 9:15,FALSE
Normal Close,'Normal Close','Normal Close',TRUE,,,2016/12/29 9:15,2016/12/29 9:15,FALSE
Normal Open,'Normal Open','Normal Open',TRUE,,,2016/12/30 9:20,2016/12/30 9:20,TRUE
Prev+Profit Close,'Prev+Profit Close','Prev+Profit Close',TRUE,,,2017/1/3 9:15,2017/1/3 9:15,FALSE
Normal Open,'Normal Open','Normal Open',TRUE,,,2017/1/4 9:15,2017/1/4 9:15,FALSE
Prev+Profit Close,'Prev+Profit Close','Prev+Profit Close',TRUE,,,2017/1/5 9:15,2017/1/5 9:15,FALSE
Normal Open,'Normal Open','Normal Open',TRUE,,,2017/1/6 9:20,2017/1/6 9:20,TRUE
Prev+Profit Close,'Prev+Profit Close','Prev+Profit Close',TRUE,,,2017/1/9 9:15,2017/1/9 9:15,FALSE
Normal Open,'Normal Open','Normal Open',TRUE,,,2017/1/10 9:30,2017/1/10 9:30,FALSE
LockProfit Close,'LockProfit Close','LockProfit Close',TRUE,,,2017/1/11 9:15,2017/1/11 9:15,FALSE
Normal Open,'Normal Open','Normal Open',TRUE,,,2017/1/12 9:15,2017/1/12 9:15,FALSE
Prev+Profit Close,'Prev+Profit Close','Prev+Profit Close',TRUE,,,2017/1/13 9:15,2017/1/13 9:15,FALSE
Normal Open,'Normal Open','Normal Open',TRUE,,,2017/1/16 11:30,2017/1/16 11:30,FALSE
LockProfit Close,'LockProfit Close','LockProfit Close',TRUE,,,2017/1/17 9:15,2017/1/17 9:15,FALSE
Normal Open,'Normal Open','Normal Open',TRUE,,,2017/1/18 9:15,2017/1/18 9:15,FALSE
Prev+Profit Close,'Prev+Profit Close','Prev+Profit Close',TRUE,,,2017/1/19 9:15,2017/1/19 9:15,FALSE
Normal Open,'Normal Open','Normal Open',TRUE,,,2017/1/20 9:20,2017/1/20 9:20,TRUE
Normal Close,'Normal Close','Normal Close',TRUE,,,2017/1/24 9:15,2017/1/24 9:15,FALSE
Normal Open,'Normal Open','Normal Open',TRUE,,,2017/1/25 9:15,2017/1/25 9:15,FALSE
LockProfit Close,'LockProfit Close','LockProfit Close',TRUE,,,2017/1/26 11:25,2017/1/26 11:25,FALSE
Normal Open,'Normal Open','Normal Open',TRUE,,,2017/2/3 9:30,2017/2/3 9:30,FALSE
Prev+Profit Close,'Prev+Profit Close','Prev+Profit Close',TRUE,,,2017/2/6 9:15,2017/2/6 9:15,FALSE
Normal Open,'Normal Open','Normal Open',TRUE,,,2017/2/7 9:15,2017/2/7 9:15,FALSE
Normal Close,'Normal Close','Normal Close',TRUE,,,2017/2/8 9:15,2017/2/8 9:15,FALSE
Normal Open,'Normal Open','Normal Open',TRUE,,,2017/2/9 9:20,2017/2/9 9:20,TRUE
Normal Close,'Normal Close','Normal Close',TRUE,,,2017/2/13 9:50,2017/2/13 9:50,FALSE
Normal Open,'Normal Open','Normal Open',TRUE,,,2017/2/14 9:40,2017/2/14 9:40,TRUE
Prev+Profit Close,'Prev+Profit Close','Prev+Profit Close',TRUE,,,2017/2/15 9:15,2017/2/15 9:15,FALSE
Normal Open,'Normal Open','Normal Open',TRUE,,,2017/2/16 9:20,2017/2/16 9:20,TRUE
StopLoss Close,'StopLoss Close','StopLoss Close',TRUE,,,2017/2/17 9:20,2017/2/17 9:20,TRUE
Normal Open,'Normal Open','Normal Open',TRUE,,,2017/2/20 9:20,2017/2/20 9:20,TRUE
LockProfit Close,'LockProfit Close','LockProfit Close',TRUE,,,2017/2/21 9:35,2017/2/21 9:35,FALSE
Normal Open,'Normal Open','Normal Open',TRUE,,,2017/2/22 9:15,2017/2/22 9:15,FALSE
StopLoss Close,'StopLoss Close','StopLoss Close',TRUE,,,2017/2/23 9:20,2017/2/23 9:20,TRUE
Normal Open,'Normal Open','Normal Open',TRUE,,,2017/2/24 9:15,2017/2/24 9:15,FALSE
Normal Close,'Normal Close','Normal Close',TRUE,,,2017/2/27 9:15,2017/2/27 9:15,FALSE
Normal Open,'Normal Open','Normal Open',TRUE,,,2017/2/28 9:15,2017/2/28 9:15,FALSE
LockProfit Close,'LockProfit Close','LockProfit Close',TRUE,,,2017/3/1 11:15,2017/3/1 11:15,TRUE
Normal Open,'Normal Open','Normal Open',TRUE,,,2017/3/2 9:15,2017/3/2 9:15,FALSE
Normal Close,'Normal Close','Normal Close',TRUE,,,2017/3/3 9:15,2017/3/3 9:15,FALSE
Normal Open,'Normal Open','Normal Open',TRUE,,,2017/3/6 9:15,2017/3/6 9:15,FALSE
Normal Close,'Normal Close','Normal Close',TRUE,,,2017/3/7 9:40,2017/3/7 9:40,TRUE
Normal Open,'Normal Open','Normal Open',TRUE,,,2017/3/8 9:20,2017/3/8 9:20,TRUE
LockProfit Close,'LockProfit Close','LockProfit Close',TRUE,,,2017/3/9 9:15,2017/3/9 9:15,FALSE
Normal Open,'Normal Open','Normal Open',TRUE,,,2017/3/10 9:15,2017/3/10 9:15,FALSE
Normal Close,'Normal Close','Normal Close',TRUE,,,2017/3/13 9:15,2017/3/13 9:15,FALSE
Normal Open,'Normal Open','Normal Open',TRUE,,,2017/3/14 9:25,2017/3/14 9:25,TRUE
StopLoss Close,'StopLoss Close','StopLoss Close',TRUE,,,2017/3/15 9:20,2017/3/15 9:20,TRUE
Normal Open,'Normal Open','Normal Open',TRUE,,,2017/3/16 9:20,2017/3/16 9:20,TRUE
StopLoss Close,'StopLoss Close','StopLoss Close',TRUE,,,2017/3/17 9:20,2017/3/17 9:20,TRUE
Normal Open,'Normal Open','Normal Open',TRUE,,,2017/3/20 9:55,2017/3/20 9:55,FALSE
Prev+Profit Close,'Prev+Profit Close','Prev+Profit Close',TRUE,,,2017/3/21 9:15,2017/3/21 9:15,FALSE
Normal Open,'Normal Open','Normal Open',TRUE,,,2017/3/22 13:10,2017/3/22 13:10,TRUE
LockProfit Close,'LockProfit Close','LockProfit Close',TRUE,,,2017/3/23 9:40,2017/3/23 9:40,TRUE
Normal Open,'Normal Open','Normal Open',TRUE,,,2017/3/27 9:55,2017/3/27 9:55,FALSE
Normal Close,'Normal Close','Normal Close',TRUE,,,2017/3/28 9:15,2017/3/28 9:15,FALSE
Normal Open,'Normal Open','Normal Open',TRUE,,,2017/3/29 9:15,2017/3/29 9:15,FALSE
LockProfit Close,'LockProfit Close','LockProfit Close',TRUE,,,2017/3/30 11:25,2017/3/30 11:25,FALSE
Normal Open,'Normal Open','Normal Open',TRUE,,,2017/3/31 10:05,2017/3/31 10:05,TRUE
Normal Close,'Normal Close','Normal Close',TRUE,,,2017/4/5 9:15,2017/4/5 9:15,FALSE
Normal Open,'Normal Open','Normal Open',TRUE,,,2017/4/6 9:15,2017/4/6 9:15,FALSE
Normal Close,'Normal Close','Normal Close',TRUE,,,2017/4/7 9:15,2017/4/7 9:15,FALSE
Normal Open,'Normal Open','Normal Open',TRUE,,,2017/4/10 9:20,2017/4/10 9:20,TRUE
Prev+Profit Close,'Prev+Profit Close','Prev+Profit Close',TRUE,,,2017/4/11 9:15,2017/4/11 9:15,FALSE
Normal Open,'Normal Open','Normal Open',TRUE,,,2017/4/12 13:00,2017/4/12 13:00,FALSE
Normal Close,'Normal Close','Normal Close',TRUE,,,2017/4/13 9:55,2017/4/13 9:55,FALSE
Normal Open,'Normal Open','Normal Open',TRUE,,,2017/4/14 9:15,2017/4/14 9:15,FALSE
LockProfit Close,'LockProfit Close','LockProfit Close',TRUE,,,2017/4/17 9:15,2017/4/17 9:15,FALSE
Normal Open,'Normal Open','Normal Open',TRUE,,,2017/4/18 9:15,2017/4/18 9:15,FALSE
Normal Close,'Normal Close','Normal Close',TRUE,,,2017/4/19 9:15,2017/4/19 9:15,FALSE
Normal Open,'Normal Open','Normal Open',TRUE,,,2017/4/20 9:15,2017/4/20 9:15,FALSE
LockProfit Close,'LockProfit Close','LockProfit Close',TRUE,,,2017/4/21 14:25,2017/4/21 14:25,FALSE
Normal Open,'Normal Open','Normal Open',TRUE,,,2017/4/24 9:20,2017/4/24 9:20,TRUE
LockProfit Close,'LockProfit Close','LockProfit Close',TRUE,,,2017/4/25 9:15,2017/4/25 9:15,FALSE
Normal Open,'Normal Open','Normal Open',TRUE,,,2017/4/26 13:35,2017/4/26 13:35,FALSE
Normal Close,'Normal Close','Normal Close',TRUE,,,2017/4/27 13:10,2017/4/27 13:10,TRUE
Normal Open,'Normal Open','Normal Open',TRUE,,,2017/4/28 9:15,2017/4/28 9:15,FALSE
LockProfit Close,'LockProfit Close','LockProfit Close',TRUE,,,2017/5/2 9:15,2017/5/2 9:15,FALSE
Normal Open,'Normal Open','Normal Open',TRUE,,,2017/5/3 9:15,2017/5/3 9:15,FALSE
Normal Close,'Normal Close','Normal Close',TRUE,,,2017/5/4 9:15,2017/5/4 9:15,FALSE
Normal Open,'Normal Open','Normal Open',TRUE,,,2017/5/5 9:15,2017/5/5 9:15,FALSE
LockProfit Close,'LockProfit Close','LockProfit Close',TRUE,,,2017/5/8 9:15,2017/5/8 9:15,FALSE
Normal Open,'Normal Open','Normal Open',TRUE,,,2017/5/9 9:15,2017/5/9 9:15,FALSE
LockProfit Close,'LockProfit Close','LockProfit Close',TRUE,,,2017/5/10 10:35,2017/5/10 10:35,FALSE
Normal Open,'Normal Open','Normal Open',TRUE,,,2017/5/11 9:15,2017/5/11 9:15,FALSE
StopLoss Close,'StopLoss Close','StopLoss Close',TRUE,,,2017/5/12 9:20,2017/5/12 9:20,TRUE
Normal Open,'Normal Open','Normal Open',TRUE,,,2017/5/15 9:15,2017/5/15 9:15,FALSE
Prev+Profit Close,'Prev+Profit Close','Prev+Profit Close',TRUE,,,2017/5/16 9:15,2017/5/16 9:15,FALSE
Normal Open,'Normal Open','Normal Open',TRUE,,,2017/5/17 9:15,2017/5/17 9:15,FALSE
Normal Close,'Normal Close','Normal Close',TRUE,,,2017/5/18 9:15,2017/5/18 9:15,FALSE
Normal Open,'Normal Open','Normal Open',TRUE,,,2017/5/19 9:15,2017/5/19 9:15,FALSE
Prev+Profit Close,'Prev+Profit Close','Prev+Profit Close',TRUE,,,2017/5/22 9:15,2017/5/22 9:15,FALSE
Normal Open,'Normal Open','Normal Open',TRUE,,,2017/5/23 9:15,2017/5/23 9:15,FALSE
Prev+Profit Close,'Prev+Profit Close','Prev+Profit Close',TRUE,,,2017/5/24 9:15,2017/5/24 9:15,FALSE
Normal Open,'Normal Open','Normal Open',TRUE,,,2017/5/25 9:20,2017/5/25 9:20,TRUE
LockProfit Close,'LockProfit Close','LockProfit Close',TRUE,,,2017/5/26 9:15,2017/5/26 9:15,FALSE
Normal Open,'Normal Open','Normal Open',TRUE,,,2017/6/2 10:30,2017/6/2 10:30,TRUE
Normal Close,'Normal Close','Normal Close',TRUE,,,2017/6/5 9:15,2017/6/5 9:15,FALSE
Normal Open,'Normal Open','Normal Open',TRUE,,,2017/6/6 9:20,2017/6/6 9:20,TRUE
LockProfit Close,'LockProfit Close','LockProfit Close',TRUE,,,2017/6/7 9:15,2017/6/7 9:15,FALSE
Normal Open,'Normal Open','Normal Open',TRUE,,,2017/6/8 9:20,2017/6/8 9:20,TRUE
LockProfit Close,'LockProfit Close','LockProfit Close',TRUE,,,2017/6/9 9:20,2017/6/9 9:20,TRUE
Normal Open,'Normal Open','Normal Open',TRUE,,,2017/6/13 13:20,2017/6/13 13:20,FALSE
Normal Close,'Normal Close','Normal Close',TRUE,,,2017/6/14 13:00,2017/6/14 13:00,FALSE
Normal Open,'Normal Open','Normal Open',TRUE,,,2017/6/15 11:10,2017/6/15 11:10,TRUE
LockProfit Close,'LockProfit Close','LockProfit Close',TRUE,,,2017/6/16 9:15,2017/6/16 9:15,FALSE
Normal Open,'Normal Open','Normal Open',TRUE,,,2017/6/20 10:05,2017/6/20 10:05,TRUE
LockProfit Close,'LockProfit Close','LockProfit Close',TRUE,,,2017/6/21 13:30,2017/6/21 13:30,TRUE
Normal Open,'Normal Open','Normal Open',TRUE,,,2017/6/22 9:15,2017/6/22 9:15,FALSE
Prev+Profit Close,'Prev+Profit Close','Prev+Profit Close',TRUE,,,2017/6/23 9:15,2017/6/23 9:15,FALSE
Normal Open,'Normal Open','Normal Open',TRUE,,,2017/6/27 15:00,2017/6/27 15:00,TRUE
LockProfit Close,'LockProfit Close','LockProfit Close',TRUE,,,2017/6/28 10:25,2017/6/28 10:25,TRUE
Normal Open,'Normal Open','Normal Open',TRUE,,,2017/6/29 9:15,2017/6/29 9:15,FALSE
LockProfit Close,'LockProfit Close','LockProfit Close',TRUE,,,2017/6/30 9:15,2017/6/30 9:15,FALSE
Normal Open,'Normal Open','Normal Open',TRUE,,,2017/7/3 13:55,2017/7/3 13:55,TRUE
LockProfit Close,'LockProfit Close','LockProfit Close',TRUE,,,2017/7/5 9:15,2017/7/5 9:15,FALSE
Normal Open,'Normal Open','Normal Open',TRUE,,,2017/7/7 9:15,2017/7/7 9:15,FALSE
Prev+Profit Close,'Prev+Profit Close','Prev+Profit Close',TRUE,,,2017/7/10 9:15,2017/7/10 9:15,FALSE
Normal Open,'Normal Open','Normal Open',TRUE,,,2017/7/11 9:15,2017/7/11 9:15,FALSE
StopLoss Close,'StopLoss Close','StopLoss Close',TRUE,,,2017/7/12 9:20,2017/7/12 9:20,TRUE
Normal Open,'Normal Open','Normal Open',TRUE,,,2017/7/13 9:15,2017/7/13 9:15,FALSE
LockProfit Close,'LockProfit Close','LockProfit Close',TRUE,,,2017/7/14 10:05,2017/7/14 10:05,TRUE
Normal Open,'Normal Open','Normal Open',TRUE,,,2017/7/17 14:10,2017/7/17 14:10,TRUE
LockProfit Close,'LockProfit Close','LockProfit Close',TRUE,,,2017/7/18 9:15,2017/7/18 9:15,FALSE
Normal Open,'Normal Open','Normal Open',TRUE,,,2017/7/21 13:35,2017/7/21 13:35,FALSE
LockProfit Close,'LockProfit Close','LockProfit Close',TRUE,,,2017/7/25 13:50,2017/7/25 13:50,TRUE
Normal Open,'Normal Open','Normal Open',TRUE,,,2017/7/26 14:30,2017/7/26 14:30,FALSE
LockProfit Close,'LockProfit Close','LockProfit Close',TRUE,,,2017/7/27 13:15,2017/7/27 13:15,FALSE
Normal Open,'Normal Open','Normal Open',TRUE,,,2017/7/31 9:35,2017/7/31 9:35,FALSE
LockProfit Close,'LockProfit Close','LockProfit Close',TRUE,,,2017/8/1 9:15,2017/8/1 9:15,FALSE
Normal Open,'Normal Open','Normal Open',TRUE,,,2017/8/2 9:15,2017/8/2 9:15,FALSE
LockProfit Close,'LockProfit Close','LockProfit Close',TRUE,,,2017/8/3 11:20,2017/8/3 11:20,FALSE
Normal Open,'Normal Open','Normal Open',TRUE,,,2017/8/7 9:15,2017/8/7 9:15,FALSE
LockProfit Close,'LockProfit Close','LockProfit Close',TRUE,,,2017/8/8 9:15,2017/8/8 9:15,FALSE
Normal Open,'Normal Open','Normal Open',TRUE,,,2017/8/16 9:45,2017/8/16 9:45,TRUE
Normal Close,'Normal Close','Normal Close',TRUE,,,2017/8/18 9:15,2017/8/18 9:15,FALSE
Normal Open,'Normal Open','Normal Open',TRUE,,,2017/8/21 9:15,2017/8/21 9:15,FALSE
LockProfit Close,'LockProfit Close','LockProfit Close',TRUE,,,2017/8/22 9:20,2017/8/22 9:20,TRUE
Normal Open,'Normal Open','Normal Open',TRUE,,,2017/8/23 9:15,2017/8/23 9:15,FALSE
LockProfit Close,'LockProfit Close','LockProfit Close',TRUE,,,2017/8/24 9:15,2017/8/24 9:15,FALSE
Normal Open,'Normal Open','Normal Open',TRUE,,,2017/8/28 10:10,2017/8/28 10:10,TRUE
Normal Close,'Normal Close','Normal Close',TRUE,,,2017/8/30 14:00,2017/8/30 14:00,FALSE
Normal Open,'Normal Open','Normal Open',TRUE,,,2017/9/4 9:20,2017/9/4 9:20,TRUE
LockProfit Close,'LockProfit Close','LockProfit Close',TRUE,,,2017/9/5 13:15,2017/9/5 13:15,FALSE
Normal Open,'Normal Open','Normal Open',TRUE,,,2017/9/12 9:15,2017/9/12 9:15,FALSE
Normal Close,'Normal Close','Normal Close',TRUE,,,2017/9/14 10:10,2017/9/14 10:10,TRUE
Normal Open,'Normal Open','Normal Open',TRUE,,,2017/9/18 10:45,2017/9/18 10:45,FALSE
LockProfit Close,'LockProfit Close','LockProfit Close',TRUE,,,2017/9/19 9:15,2017/9/19 9:15,FALSE
Normal Open,'Normal Open','Normal Open',TRUE,,,2017/9/21 11:25,2017/9/21 11:25,FALSE
Normal Close,'Normal Close','Normal Close',TRUE,,,2017/9/22 9:45,2017/9/22 9:45,TRUE
Normal Open,'Normal Open','Normal Open',TRUE,,,2017/9/27 9:30,2017/9/27 9:30,FALSE
Normal Close,'Normal Close','Normal Close',TRUE,,,2017/9/28 9:20,2017/9/28 9:20,TRUE
Normal Open,'Normal Open','Normal Open',TRUE,,,2017/10/9 9:20,2017/10/9 9:20,TRUE
LockProfit Close,'LockProfit Close','LockProfit Close',TRUE,,,2017/10/10 9:15,2017/10/10 9:15,FALSE
Normal Open,'Normal Open','Normal Open',TRUE,,,2017/10/12 10:30,2017/10/12 10:30,TRUE
LockProfit Close,'LockProfit Close','LockProfit Close',TRUE,,,2017/10/13 9:15,2017/10/13 9:15,FALSE
Normal Open,'Normal Open','Normal Open',TRUE,,,2017/10/16 9:15,2017/10/16 9:15,FALSE
LockProfit Close,'LockProfit Close','LockProfit Close',TRUE,,,2017/10/17 10:20,2017/10/17 10:20,FALSE
Normal Open,'Normal Open','Normal Open',TRUE,,,2017/10/18 9:15,2017/10/18 9:15,FALSE
Normal Close,'Normal Close','Normal Close',TRUE,,,2017/10/19 9:15,2017/10/19 9:15,FALSE
Normal Open,'Normal Open','Normal Open',TRUE,,,2017/10/20 9:15,2017/10/20 9:15,FALSE
LockProfit Close,'LockProfit Close','LockProfit Close',TRUE,,,2017/10/23 9:15,2017/10/23 9:15,FALSE
Normal Open,'Normal Open','Normal Open',TRUE,,,2017/10/25 9:25,2017/10/25 9:25,TRUE
LockProfit Close,'LockProfit Close','LockProfit Close',TRUE,,,2017/10/26 9:15,2017/10/26 9:15,FALSE
Normal Open,'Normal Open','Normal Open',TRUE,,,2017/10/27 9:20,2017/10/27 9:20,TRUE
LockProfit Close,'LockProfit Close','LockProfit Close',TRUE,,,2017/10/30 9:15,2017/10/30 9:15,FALSE
Normal Open,'Normal Open','Normal Open',TRUE,,,2017/10/31 9:15,2017/10/31 9:15,FALSE
StopLoss Close,'StopLoss Close','StopLoss Close',TRUE,,,2017/11/1 9:40,2017/11/1 9:40,TRUE
Normal Open,'Normal Open','Normal Open',TRUE,,,2017/11/2 9:15,2017/11/2 9:15,FALSE
LockProfit Close,'LockProfit Close','LockProfit Close',TRUE,,,2017/11/3 10:10,2017/11/3 10:10,TRUE
Normal Open,'Normal Open','Normal Open',TRUE,,,2017/11/7 11:15,2017/11/7 11:15,TRUE
LockProfit Close,'LockProfit Close','LockProfit Close',TRUE,,,2017/11/8 9:15,2017/11/8 9:15,FALSE
Normal Open,'Normal Open','Normal Open',TRUE,,,2017/11/9 14:50,2017/11/9 14:50,FALSE
LockProfit Close,'LockProfit Close','LockProfit Close',TRUE,,,2017/11/10 9:55,2017/11/10 9:55,FALSE
Normal Open,'Normal Open','Normal Open',TRUE,,,2017/11/13 9:40,2017/11/13 9:40,TRUE
LockProfit Close,'LockProfit Close','LockProfit Close',TRUE,,,2017/11/14 9:15,2017/11/14 9:15,FALSE
Normal Open,'Normal Open','Normal Open',TRUE,,,2017/11/15 9:20,2017/11/15 9:20,TRUE
Normal Close,'Normal Close','Normal Close',TRUE,,,2017/11/16 11:05,2017/11/16 11:05,FALSE
Normal Open,'Normal Open','Normal Open',TRUE,,,2017/11/17 9:20,2017/11/17 9:20,TRUE
StopLoss Close,'StopLoss Close','StopLoss Close',TRUE,,,2017/11/20 9:20,2017/11/20 9:20,TRUE
Normal Open,'Normal Open','Normal Open',TRUE,,,2017/11/21 9:15,2017/11/21 9:15,FALSE
Prev+Profit Close,'Prev+Profit Close','Prev+Profit Close',TRUE,,,2017/11/22 9:15,2017/11/22 9:15,FALSE
Normal Open,'Normal Open','Normal Open',TRUE,,,2017/11/23 9:15,2017/11/23 9:15,FALSE
Normal Close,'Normal Close','Normal Close',TRUE,,,2017/11/24 9:15,2017/11/24 9:15,FALSE
Normal Open,'Normal Open','Normal Open',TRUE,,,2017/11/27 14:20,2017/11/27 14:20,FALSE
LockProfit Close,'LockProfit Close','LockProfit Close',TRUE,,,2017/11/28 13:30,2017/11/28 13:30,TRUE
Normal Open,'Normal Open','Normal Open',TRUE,,,2017/11/30 9:30,2017/11/30 9:30,FALSE
StopLoss Close,'StopLoss Close','StopLoss Close',TRUE,,,2017/12/1 9:25,2017/12/1 9:25,TRUE
Normal Open,'Normal Open','Normal Open',TRUE,,,2017/12/4 9:15,2017/12/4 9:15,FALSE
Normal Close,'Normal Close','Normal Close',TRUE,,,2017/12/5 9:15,2017/12/5 9:15,FALSE
Normal Open,'Normal Open','Normal Open',TRUE,,,2017/12/6 9:15,2017/12/6 9:15,FALSE
LockProfit Close,'LockProfit Close','LockProfit Close',TRUE,,,2017/12/8 10:05,2017/12/8 10:05,TRUE
Normal Open,'Normal Open','Normal Open',TRUE,,,2017/12/11 9:20,2017/12/11 9:20,TRUE
Prev+Profit Close,'Prev+Profit Close','Prev+Profit Close',TRUE,,,2017/12/12 9:15,2017/12/12 9:15,FALSE
Normal Open,'Normal Open','Normal Open',TRUE,,,2017/12/13 9:35,2017/12/13 9:35,FALSE
Normal Close,'Normal Close','Normal Close',TRUE,,,2017/12/14 9:15,2017/12/14 9:15,FALSE
Normal Open,'Normal Open','Normal Open',TRUE,,,2017/12/18 14:15,2017/12/18 14:15,TRUE
LockProfit Close,'LockProfit Close','LockProfit Close',TRUE,,,2017/12/20 9:15,2017/12/20 9:15,FALSE
Normal Open,'Normal Open','Normal Open',TRUE,,,2017/12/26 10:20,2017/12/26 10:20,FALSE
LockProfit Close,'LockProfit Close','LockProfit Close',TRUE,,,2017/12/27 10:35,2017/12/27 10:35,FALSE
Normal Open,'Normal Open','Normal Open',TRUE,,,2017/12/29 9:30,2017/12/29 9:30,FALSE
StopLoss Close,'StopLoss Close','StopLoss Close',TRUE,,,2018/1/2 9:20,2018/1/2 9:20,TRUE
Normal Open,'Normal Open','Normal Open',TRUE,,,2018/1/3 9:15,2018/1/3 9:15,FALSE
LockProfit Close,'LockProfit Close','LockProfit Close',TRUE,,,2018/1/4 9:15,2018/1/4 9:15,FALSE
Normal Open,'Normal Open','Normal Open',TRUE,,,2018/1/10 9:15,2018/1/10 9:15,FALSE
LockProfit Close,'LockProfit Close','LockProfit Close',TRUE,,,2018/1/11 9:15,2018/1/11 9:15,FALSE
Normal Open,'Normal Open','Normal Open',TRUE,,,2018/1/12 9:15,2018/1/12 9:15,FALSE
LockProfit Close,'LockProfit Close','LockProfit Close',TRUE,,,2018/1/15 9:20,2018/1/15 9:20,TRUE
Normal Open,'Normal Open','Normal Open',TRUE,,,2018/1/16 14:55,2018/1/16 14:55,TRUE
Normal Close,'Normal Close','Normal Close',TRUE,,,2018/1/17 10:40,2018/1/17 10:40,FALSE
Normal Open,'Normal Open','Normal Open',TRUE,,,2018/1/18 9:15,2018/1/18 9:15,FALSE
LockProfit Close,'LockProfit Close','LockProfit Close',TRUE,,,2018/1/19 9:15,2018/1/19 9:15,FALSE
Normal Open,'Normal Open','Normal Open',TRUE,,,2018/1/24 14:00,2018/1/24 14:00,FALSE
Normal Close,'Normal Close','Normal Close',TRUE,,,2018/1/26 9:15,2018/1/26 9:15,FALSE
Normal Open,'Normal Open','Normal Open',TRUE,,,2018/1/30 10:55,2018/1/30 10:55,TRUE
Normal Close,'Normal Close','Normal Close',TRUE,,,2018/1/31 10:35,2018/1/31 10:35,FALSE
Normal Open,'Normal Open','Normal Open',TRUE,,,2018/2/5 9:15,2018/2/5 9:15,FALSE
Normal Close,'Normal Close','Normal Close',TRUE,,,2018/2/6 9:15,2018/2/6 9:15,FALSE
Normal Open,'Normal Open','Normal Open',TRUE,,,2018/2/7 9:15,2018/2/7 9:15,FALSE
Normal Close,'Normal Close','Normal Close',TRUE,,,2018/2/8 9:15,2018/2/8 9:15,FALSE
Normal Open,'Normal Open','Normal Open',TRUE,,,2018/2/9 9:15,2018/2/9 9:15,FALSE
StopLoss Close,'StopLoss Close','StopLoss Close',TRUE,,,2018/2/12 14:50,2018/2/12 14:50,FALSE
Normal Open,'Normal Open','Normal Open',TRUE,,,2018/2/14 11:15,2018/2/14 11:15,TRUE
LockProfit Close,'LockProfit Close','LockProfit Close',TRUE,,,2018/2/22 9:15,2018/2/22 9:15,FALSE
Normal Open,'Normal Open','Normal Open',TRUE,,,2018/3/2 9:25,2018/3/2 9:25,TRUE
LockProfit Close,'LockProfit Close','LockProfit Close',TRUE,,,2018/3/5 11:20,2018/3/5 11:20,FALSE
Normal Open,'Normal Open','Normal Open',TRUE,,,2018/3/8 13:15,2018/3/8 13:15,FALSE
LockProfit Close,'LockProfit Close','LockProfit Close',TRUE,,,2018/3/9 9:55,2018/3/9 9:55,FALSE
Normal Open,'Normal Open','Normal Open',TRUE,,,2018/3/13 10:35,2018/3/13 10:35,FALSE
LockProfit Close,'LockProfit Close','LockProfit Close',TRUE,,,2018/3/14 9:25,2018/3/14 9:25,TRUE
Normal Open,'Normal Open','Normal Open',TRUE,,,2018/3/15 9:15,2018/3/15 9:15,FALSE
Normal Close,'Normal Close','Normal Close',TRUE,,,2018/3/16 9:50,2018/3/16 9:50,FALSE
Normal Open,'Normal Open','Normal Open',TRUE,,,2018/3/19 13:50,2018/3/19 13:50,TRUE
Normal Close,'Normal Close','Normal Close',TRUE,,,2018/3/20 9:25,2018/3/20 9:25,TRUE
Normal Open,'Normal Open','Normal Open',TRUE,,,2018/3/23 9:30,2018/3/23 9:30,FALSE
LockProfit Close,'LockProfit Close','LockProfit Close',TRUE,,,2018/3/26 10:45,2018/3/26 10:45,FALSE
Normal Open,'Normal Open','Normal Open',TRUE,,,2018/3/27 9:15,2018/3/27 9:15,FALSE
Normal Close,'Normal Close','Normal Close',TRUE,,,2018/3/28 9:15,2018/3/28 9:15,FALSE
Normal Open,'Normal Open','Normal Open',TRUE,,,2018/3/29 9:15,2018/3/29 9:15,FALSE
LockProfit Close,'LockProfit Close','LockProfit Close',TRUE,,,2018/3/30 9:30,2018/3/30 9:30,FALSE
Normal Open,'Normal Open','Normal Open',TRUE,,,2018/4/2 9:15,2018/4/2 9:15,FALSE
Normal Close,'Normal Close','Normal Close',TRUE,,,2018/4/3 9:15,2018/4/3 9:15,FALSE
Normal Open,'Normal Open','Normal Open',TRUE,,,2018/4/4 9:15,2018/4/4 9:15,FALSE
Normal Close,'Normal Close','Normal Close',TRUE,,,2018/4/9 9:15,2018/4/9 9:15,FALSE
Normal Open,'Normal Open','Normal Open',TRUE,,,2018/4/10 9:25,2018/4/10 9:25,TRUE
LockProfit Close,'LockProfit Close','LockProfit Close',TRUE,,,2018/4/11 9:15,2018/4/11 9:15,FALSE
Normal Open,'Normal Open','Normal Open',TRUE,,,2018/4/12 13:30,2018/4/12 13:30,TRUE
StopLoss Close,'StopLoss Close','StopLoss Close',TRUE,,,2018/4/13 9:50,2018/4/13 9:50,FALSE
Normal Open,'Normal Open','Normal Open',TRUE,,,2018/4/18 14:35,2018/4/18 14:35,TRUE
LockProfit Close,'LockProfit Close','LockProfit Close',TRUE,,,2018/4/19 9:15,2018/4/19 9:15,FALSE
Normal Open,'Normal Open','Normal Open',TRUE,,,2018/4/20 9:15,2018/4/20 9:15,FALSE
LockProfit Close,'LockProfit Close','LockProfit Close',TRUE,,,2018/4/23 9:25,2018/4/23 9:25,TRUE
Normal Open,'Normal Open','Normal Open',TRUE,,,2018/4/25 9:45,2018/4/25 9:45,TRUE
LockProfit Close,'LockProfit Close','LockProfit Close',TRUE,,,2018/4/26 9:15,2018/4/26 9:15,FALSE
Normal Open,'Normal Open','Normal Open',TRUE,,,2018/4/27 13:25,2018/4/27 13:25,TRUE
LockProfit Close,'LockProfit Close','LockProfit Close',TRUE,,,2018/5/2 11:30,2018/5/2 11:30,FALSE
Normal Open,'Normal Open','Normal Open',TRUE,,,2018/5/7 13:45,2018/5/7 13:45,FALSE
LockProfit Close,'LockProfit Close','LockProfit Close',TRUE,,,2018/5/8 9:15,2018/5/8 9:15,FALSE
Normal Open,'Normal Open','Normal Open',TRUE,,,2018/5/9 9:15,2018/5/9 9:15,FALSE
Normal Close,'Normal Close','Normal Close',TRUE,,,2018/5/10 14:40,2018/5/10 14:40,TRUE
Normal Open,'Normal Open','Normal Open',TRUE,,,2018/5/11 14:50,2018/5/11 14:50,FALSE
LockProfit Close,'LockProfit Close','LockProfit Close',TRUE,,,2018/5/15 9:15,2018/5/15 9:15,FALSE
Normal Open,'Normal Open','Normal Open',TRUE,,,2018/5/16 9:15,2018/5/16 9:15,FALSE
Normal Close,'Normal Close','Normal Close',TRUE,,,2018/5/17 9:15,2018/5/17 9:15,FALSE
Normal Open,'Normal Open','Normal Open',TRUE,,,2018/5/18 9:15,2018/5/18 9:15,FALSE
StopLoss Close,'StopLoss Close','StopLoss Close',TRUE,,,2018/5/21 9:45,2018/5/21 9:45,TRUE
Normal Open,'Normal Open','Normal Open',TRUE,,,2018/5/25 9:15,2018/5/25 9:15,FALSE
StopLoss Close,'StopLoss Close','StopLoss Close',TRUE,,,2018/5/28 9:20,2018/5/28 9:20,TRUE
Normal Open,'Normal Open','Normal Open',TRUE,,,2018/5/29 9:15,2018/5/29 9:15,FALSE
Normal Close,'Normal Close','Normal Close',TRUE,,,2018/5/30 9:15,2018/5/30 9:15,FALSE
Normal Open,'Normal Open','Normal Open',TRUE,,,2018/5/31 9:15,2018/5/31 9:15,FALSE
LockProfit Close,'LockProfit Close','LockProfit Close',TRUE,,,2018/6/1 9:15,2018/6/1 9:15,FALSE
Normal Open,'Normal Open','Normal Open',TRUE,,,2018/6/4 9:15,2018/6/4 9:15,FALSE
LockProfit Close,'LockProfit Close','LockProfit Close',TRUE,,,2018/6/5 9:15,2018/6/5 9:15,FALSE
Normal Open,'Normal Open','Normal Open',TRUE,,,2018/6/6 9:15,2018/6/6 9:15,FALSE
LockProfit Close,'LockProfit Close','LockProfit Close',TRUE,,,2018/6/7 9:15,2018/6/7 9:15,FALSE
Normal Open,'Normal Open','Normal Open',TRUE,,,2018/6/12 9:55,2018/6/12 9:55,FALSE
LockProfit Close,'LockProfit Close','LockProfit Close',TRUE,,,2018/6/13 10:55,2018/6/13 10:55,TRUE
Normal Open,'Normal Open','Normal Open',TRUE,,,2018/6/20 13:05,2018/6/20 13:05,TRUE
LockProfit Close,'LockProfit Close','LockProfit Close',TRUE,,,2018/6/21 9:15,2018/6/21 9:15,FALSE
Normal Open,'Normal Open','Normal Open',TRUE,,,2018/6/25 9:15,2018/6/25 9:15,FALSE
Normal Close,'Normal Close','Normal Close',TRUE,,,2018/6/27 10:35,2018/6/27 10:35,FALSE
Normal Open,'Normal Open','Normal Open',TRUE,,,2018/7/2 9:15,2018/7/2 9:15,FALSE
Normal Close,'Normal Close','Normal Close',TRUE,,,2018/7/3 9:15,2018/7/3 9:15,FALSE
Normal Open,'Normal Open','Normal Open',TRUE,,,2018/7/4 9:15,2018/7/4 9:15,FALSE
Normal Close,'Normal Close','Normal Close',TRUE,,,2018/7/5 9:15,2018/7/5 9:15,FALSE
Normal Open,'Normal Open','Normal Open',TRUE,,,2018/7/6 9:15,2018/7/6 9:15,FALSE
LockProfit Close,'LockProfit Close','LockProfit Close',TRUE,,,2018/7/9 9:15,2018/7/9 9:15,FALSE
Normal Open,'Normal Open','Normal Open',TRUE,,,2018/7/10 9:20,2018/7/10 9:20,TRUE
Normal Close,'Normal Close','Normal Close',TRUE,,,2018/7/11 9:15,2018/7/11 9:15,FALSE
Normal Open,'Normal Open','Normal Open',TRUE,,,2018/7/12 13:05,2018/7/12 13:05,TRUE
Normal Close,'Normal Close','Normal Close',TRUE,,,2018/7/13 9:45,2018/7/13 9:45,TRUE
Normal Open,'Normal Open','Normal Open',TRUE,,,2018/7/18 14:45,2018/7/18 14:45,FALSE
LockProfit Close,'LockProfit Close','LockProfit Close',TRUE,,,2018/7/19 9:20,2018/7/19 9:20,TRUE
Normal Open,'Normal Open','Normal Open',TRUE,,,2018/7/20 13:10,2018/7/20 13:10,TRUE
LockProfit Close,'LockProfit Close','LockProfit Close',TRUE,,,2018/7/23 9:15,2018/7/23 9:15,FALSE
Normal Open,'Normal Open','Normal Open',TRUE,,,2018/7/24 9:15,2018/7/24 9:15,FALSE
Normal Close,'Normal Close','Normal Close',TRUE,,,2018/7/25 14:45,2018/7/25 14:45,FALSE
Normal Open,'Normal Open','Normal Open',TRUE,,,2018/8/2 13:50,2018/8/2 13:50,TRUE
Normal Close,'Normal Close','Normal Close',TRUE,,,2018/8/3 13:45,2018/8/3 13:45,FALSE
Normal Open,'Normal Open','Normal Open',TRUE,,,2018/8/6 14:45,2018/8/6 14:45,FALSE
Normal Close,'Normal Close','Normal Close',TRUE,,,2018/8/7 13:20,2018/8/7 13:20,FALSE
Normal Open,'Normal Open','Normal Open',TRUE,,,2018/8/8 9:15,2018/8/8 9:15,FALSE
LockProfit Close,'LockProfit Close','LockProfit Close',TRUE,,,2018/8/9 9:15,2018/8/9 9:15,FALSE
Normal Open,'Normal Open','Normal Open',TRUE,,,2018/8/10 9:15,2018/8/10 9:15,FALSE
Prev+Profit Close,'Prev+Profit Close','Prev+Profit Close',TRUE,,,2018/8/13 9:15,2018/8/13 9:15,FALSE
Normal Open,'Normal Open','Normal Open',TRUE,,,2018/8/14 9:15,2018/8/14 9:15,FALSE
StopLoss Close,'StopLoss Close','StopLoss Close',TRUE,,,2018/8/15 9:20,2018/8/15 9:20,TRUE
Normal Open,'Normal Open','Normal Open',TRUE,,,2018/8/16 9:15,2018/8/16 9:15,FALSE
LockProfit Close,'LockProfit Close','LockProfit Close',TRUE,,,2018/8/17 9:15,2018/8/17 9:15,FALSE
Normal Open,'Normal Open','Normal Open',TRUE,,,2018/8/20 9:15,2018/8/20 9:15,FALSE
LockProfit Close,'LockProfit Close','LockProfit Close',TRUE,,,2018/8/21 10:15,2018/8/21 10:15,FALSE
Normal Open,'Normal Open','Normal Open',TRUE,,,2018/8/22 14:55,2018/8/22 14:55,TRUE
Normal Close,'Normal Close','Normal Close',TRUE,,,2018/8/23 9:20,2018/8/23 9:20,TRUE
Normal Open,'Normal Open','Normal Open',TRUE,,,2018/8/24 9:15,2018/8/24 9:15,FALSE
LockProfit Close,'LockProfit Close','LockProfit Close',TRUE,,,2018/8/27 9:15,2018/8/27 9:15,FALSE
Normal Open,'Normal Open','Normal Open',TRUE,,,2018/8/28 9:20,2018/8/28 9:20,TRUE
StopLoss Close,'StopLoss Close','StopLoss Close',TRUE,,,2018/8/29 9:20,2018/8/29 9:20,TRUE
Normal Open,'Normal Open','Normal Open',TRUE,,,2018/9/3 13:45,2018/9/3 13:45,FALSE
LockProfit Close,'LockProfit Close','LockProfit Close',TRUE,,,2018/9/4 13:25,2018/9/4 13:25,TRUE
Normal Open,'Normal Open','Normal Open',TRUE,,,2018/9/5 15:00,2018/9/5 15:00,TRUE
LockProfit Close,'LockProfit Close','LockProfit Close',TRUE,,,2018/9/7 13:45,2018/9/7 13:45,FALSE
Normal Open,'Normal Open','Normal Open',TRUE,,,2018/9/10 13:10,2018/9/10 13:10,TRUE
LockProfit Close,'LockProfit Close','LockProfit Close',TRUE,,,2018/9/11 9:20,2018/9/11 9:20,TRUE
Normal Open,'Normal Open','Normal Open',TRUE,,,2018/9/12 9:15,2018/9/12 9:15,FALSE
Normal Close,'Normal Close','Normal Close',TRUE,,,2018/9/13 13:40,2018/9/13 13:40,FALSE
Normal Open,'Normal Open','Normal Open',TRUE,,,2018/9/18 14:05,2018/9/18 14:05,FALSE
LockProfit Close,'LockProfit Close','LockProfit Close',TRUE,,,2018/9/19 9:20,2018/9/19 9:20,TRUE
Normal Open,'Normal Open','Normal Open',TRUE,,,2018/9/20 9:15,2018/9/20 9:15,FALSE
LockProfit Close,'LockProfit Close','LockProfit Close',TRUE,,,2018/9/21 9:15,2018/9/21 9:15,FALSE
Normal Open,'Normal Open','Normal Open',TRUE,,,2018/10/8 9:25,2018/10/8 9:25,TRUE
Normal Close,'Normal Close','Normal Close',TRUE,,,2018/10/9 9:50,2018/10/9 9:50,FALSE
Normal Open,'Normal Open','Normal Open',TRUE,,,2018/10/10 9:15,2018/10/10 9:15,FALSE
Normal Close,'Normal Close','Normal Close',TRUE,,,2018/10/11 9:15,2018/10/11 9:15,FALSE
Normal Open,'Normal Open','Normal Open',TRUE,,,2018/10/16 9:15,2018/10/16 9:15,FALSE
StopLoss Close,'StopLoss Close','StopLoss Close',TRUE,,,2018/10/17 9:20,2018/10/17 9:20,TRUE
Normal Open,'Normal Open','Normal Open',TRUE,,,2018/10/18 9:15,2018/10/18 9:15,FALSE
Normal Close,'Normal Close','Normal Close',TRUE,,,2018/10/19 9:15,2018/10/19 9:15,FALSE
Normal Open,'Normal Open','Normal Open',TRUE,,,2018/10/22 9:15,2018/10/22 9:15,FALSE
LockProfit Close,'LockProfit Close','LockProfit Close',TRUE,,,2018/10/23 9:15,2018/10/23 9:15,FALSE
Normal Open,'Normal Open','Normal Open',TRUE,,,2018/10/26 9:20,2018/10/26 9:20,TRUE
Normal Close,'Normal Close','Normal Close',TRUE,,,2018/10/29 9:50,2018/10/29 9:50,FALSE
Normal Open,'Normal Open','Normal Open',TRUE,,,2018/10/30 13:05,2018/10/30 13:05,TRUE
Normal Close,'Normal Close','Normal Close',TRUE,,,2018/10/31 13:20,2018/10/31 13:20,FALSE
Normal Open,'Normal Open','Normal Open',TRUE,,,2018/11/1 11:20,2018/11/1 11:20,FALSE
LockProfit Close,'LockProfit Close','LockProfit Close',TRUE,,,2018/11/2 13:05,2018/11/2 13:05,TRUE
Normal Open,'Normal Open','Normal Open',TRUE,,,2018/11/12 13:05,2018/11/12 13:05,TRUE
Normal Close,'Normal Close','Normal Close',TRUE,,,2018/11/13 9:20,2018/11/13 9:20,TRUE
Normal Open,'Normal Open','Normal Open',TRUE,,,2018/11/14 9:20,2018/11/14 9:20,TRUE
Normal Close,'Normal Close','Normal Close',TRUE,,,2018/11/16 9:15,2018/11/16 9:15,FALSE
Normal Open,'Normal Open','Normal Open',TRUE,,,2018/11/19 14:30,2018/11/19 14:30,FALSE
LockProfit Close,'LockProfit Close','LockProfit Close',TRUE,,,2018/11/20 9:15,2018/11/20 9:15,FALSE
Normal Open,'Normal Open','Normal Open',TRUE,,,2018/11/21 9:15,2018/11/21 9:15,FALSE
Normal Close,'Normal Close','Normal Close',TRUE,,,2018/11/22 9:50,2018/11/22 9:50,FALSE
Normal Open,'Normal Open','Normal Open',TRUE,,,2018/11/23 9:15,2018/11/23 9:15,FALSE
Normal Close,'Normal Close','Normal Close',TRUE,,,2018/11/26 9:15,2018/11/26 9:15,FALSE
Normal Open,'Normal Open','Normal Open',TRUE,,,2018/11/27 9:15,2018/11/27 9:15,FALSE
StopLoss Close,'StopLoss Close','StopLoss Close',TRUE,,,2018/11/28 9:30,2018/11/28 9:30,FALSE
Normal Open,'Normal Open','Normal Open',TRUE,,,2018/11/30 13:20,2018/11/30 13:20,FALSE
LockProfit Close,'LockProfit Close','LockProfit Close',TRUE,,,2018/12/3 9:15,2018/12/3 9:15,FALSE
Normal Open,'Normal Open','Normal Open',TRUE,,,2018/12/5 14:10,2018/12/5 14:10,TRUE
Normal Close,'Normal Close','Normal Close',TRUE,,,2018/12/6 9:25,2018/12/6 9:25,TRUE
Normal Open,'Normal Open','Normal Open',TRUE,,,2018/12/7 9:25,2018/12/7 9:25,TRUE
Normal Close,'Normal Close','Normal Close',TRUE,,,2018/12/10 9:15,2018/12/10 9:15,FALSE
Normal Open,'Normal Open','Normal Open',TRUE,,,2018/12/13 9:20,2018/12/13 9:20,TRUE
LockProfit Close,'LockProfit Close','LockProfit Close',TRUE,,,2018/12/14 9:15,2018/12/14 9:15,FALSE
Normal Open,'Normal Open','Normal Open',TRUE,,,2018/12/17 9:15,2018/12/17 9:15,FALSE
LockProfit Close,'LockProfit Close','LockProfit Close',TRUE,,,2018/12/18 9:15,2018/12/18 9:15,FALSE
Normal Open,'Normal Open','Normal Open',TRUE,,,2018/12/21 15:00,2018/12/21 15:00,TRUE
LockProfit Close,'LockProfit Close','LockProfit Close',TRUE,,,2018/12/24 14:45,2018/12/24 14:45,FALSE
Normal Open,'Normal Open','Normal Open',TRUE,,,2018/12/27 9:20,2018/12/27 9:20,TRUE
Normal Close,'Normal Close','Normal Close',TRUE,,,2018/12/28 9:15,2018/12/28 9:15,FALSE
Normal Open,'Normal Open','Normal Open',TRUE,,,2019/1/4 9:55,2019/1/4 9:55,FALSE
Prev+Profit Close,'Prev+Profit Close','Prev+Profit Close',TRUE,,,2019/1/7 9:15,2019/1/7 9:15,FALSE
Normal Open,'Normal Open','Normal Open',TRUE,,,2019/1/9 9:30,2019/1/9 9:30,FALSE
LockProfit Close,'LockProfit Close','LockProfit Close',TRUE,,,2019/1/10 13:00,2019/1/10 13:00,FALSE
Normal Open,'Normal Open','Normal Open',TRUE,,,2019/1/11 9:15,2019/1/11 9:15,FALSE
Normal Close,'Normal Close','Normal Close',TRUE,,,2019/1/14 9:15,2019/1/14 9:15,FALSE
Normal Open,'Normal Open','Normal Open',TRUE,,,2019/1/15 9:15,2019/1/15 9:15,FALSE
Normal Close,'Normal Close','Normal Close',TRUE,,,2019/1/16 9:15,2019/1/16 9:15,FALSE
Normal Open,'Normal Open','Normal Open',TRUE,,,2019/1/18 9:25,2019/1/18 9:25,TRUE
Prev+Profit Close,'Prev+Profit Close','Prev+Profit Close',TRUE,,,2019/1/21 9:15,2019/1/21 9:15,FALSE
Normal Open,'Normal Open','Normal Open',TRUE,,,2019/1/22 9:15,2019/1/22 9:15,FALSE
Normal Close,'Normal Close','Normal Close',TRUE,,,2019/1/23 9:15,2019/1/23 9:15,FALSE
Normal Open,'Normal Open','Normal Open',TRUE,,,2019/1/24 9:15,2019/1/24 9:15,FALSE
LockProfit Close,'LockProfit Close','LockProfit Close',TRUE,,,2019/1/25 9:15,2019/1/25 9:15,FALSE
Normal Open,'Normal Open','Normal Open',TRUE,,,2019/1/28 9:35,2019/1/28 9:35,FALSE
Normal Close,'Normal Close','Normal Close',TRUE,,,2019/1/29 9:15,2019/1/29 9:15,FALSE
Normal Open,'Normal Open','Normal Open',TRUE,,,2019/1/31 14:55,2019/1/31 14:55,TRUE
Normal Close,'Normal Close','Normal Close',TRUE,,,2019/2/11 11:05,2019/2/11 11:05,FALSE
Normal Open,'Normal Open','Normal Open',TRUE,,,2019/2/12 14:45,2019/2/12 14:45,FALSE
LockProfit Close,'LockProfit Close','LockProfit Close',TRUE,,,2019/2/13 13:35,2019/2/13 13:35,FALSE
Normal Open,'Normal Open','Normal Open',TRUE,,,2019/2/14 11:15,2019/2/14 11:15,TRUE
Normal Close,'Normal Close','Normal Close',TRUE,,,2019/2/15 13:10,2019/2/15 13:10,TRUE
Normal Open,'Normal Open','Normal Open',TRUE,,,2019/2/18 9:15,2019/2/18 9:15,FALSE
LockProfit Close,'LockProfit Close','LockProfit Close',TRUE,,,2019/2/19 9:15,2019/2/19 9:15,FALSE
Normal Open,'Normal Open','Normal Open',TRUE,,,2019/2/21 13:20,2019/2/21 13:20,FALSE
StopLoss Close,'StopLoss Close','StopLoss Close',TRUE,,,2019/2/22 10:00,2019/2/22 10:00,FALSE
Normal Open,'Normal Open','Normal Open',TRUE,,,2019/2/25 9:15,2019/2/25 9:15,FALSE
LockProfit Close,'LockProfit Close','LockProfit Close',TRUE,,,2019/2/26 9:15,2019/2/26 9:15,FALSE
Normal Open,'Normal Open','Normal Open',TRUE,,,2019/2/27 9:15,2019/2/27 9:15,FALSE
Normal Close,'Normal Close','Normal Close',TRUE,,,2019/2/28 9:15,2019/2/28 9:15,FALSE
Normal Open,'Normal Open','Normal Open',TRUE,,,2019/3/1 9:15,2019/3/1 9:15,FALSE
LockProfit Close,'LockProfit Close','LockProfit Close',TRUE,,,2019/3/4 9:15,2019/3/4 9:15,FALSE
Normal Open,'Normal Open','Normal Open',TRUE,,,2019/3/5 9:20,2019/3/5 9:20,TRUE
Normal Close,'Normal Close','Normal Close',TRUE,,,2019/3/6 10:00,2019/3/6 10:00,FALSE
Normal Open,'Normal Open','Normal Open',TRUE,,,2019/3/11 9:15,2019/3/11 9:15,FALSE
LockProfit Close,'LockProfit Close','LockProfit Close',TRUE,,,2019/3/12 9:15,2019/3/12 9:15,FALSE
Normal Open,'Normal Open','Normal Open',TRUE,,,2019/3/14 9:45,2019/3/14 9:45,TRUE
LockProfit Close,'LockProfit Close','LockProfit Close',TRUE,,,2019/3/15 9:15,2019/3/15 9:15,FALSE
Normal Open,'Normal Open','Normal Open',TRUE,,,2019/3/18 9:20,2019/3/18 9:20,TRUE
Normal Close,'Normal Close','Normal Close',TRUE,,,2019/3/19 9:50,2019/3/19 9:50,FALSE
Normal Open,'Normal Open','Normal Open',TRUE,,,2019/3/20 9:15,2019/3/20 9:15,FALSE
Normal Close,'Normal Close','Normal Close',TRUE,,,2019/3/21 9:15,2019/3/21 9:15,FALSE
Normal Open,'Normal Open','Normal Open',TRUE,,,2019/3/27 14:15,2019/3/27 14:15,TRUE
LockProfit Close,'LockProfit Close','LockProfit Close',TRUE,,,2019/3/29 13:05,2019/3/29 13:05,TRUE
Normal Open,'Normal Open','Normal Open',TRUE,,,2019/4/1 9:15,2019/4/1 9:15,FALSE
LockProfit Close,'LockProfit Close','LockProfit Close',TRUE,,,2019/4/2 9:15,2019/4/2 9:15,FALSE
Normal Open,'Normal Open','Normal Open',TRUE,,,2019/4/3 13:00,2019/4/3 13:00,FALSE
LockProfit Close,'LockProfit Close','LockProfit Close',TRUE,,,2019/4/4 9:15,2019/4/4 9:15,FALSE
Normal Open,'Normal Open','Normal Open',TRUE,,,2019/4/8 9:15,2019/4/8 9:15,FALSE
StopLoss Close,'StopLoss Close','StopLoss Close',TRUE,,,2019/4/9 9:20,2019/4/9 9:20,TRUE
Normal Open,'Normal Open','Normal Open',TRUE,,,2019/4/10 9:15,2019/4/10 9:15,FALSE
StopLoss Close,'StopLoss Close','StopLoss Close',TRUE,,,2019/4/11 9:30,2019/4/11 9:30,FALSE
Normal Open,'Normal Open','Normal Open',TRUE,,,2019/4/12 13:10,2019/4/12 13:10,TRUE
LockProfit Close,'LockProfit Close','LockProfit Close',TRUE,,,2019/4/15 9:15,2019/4/15 9:15,FALSE
Normal Open,'Normal Open','Normal Open',TRUE,,,2019/4/16 11:25,2019/4/16 11:25,FALSE
LockProfit Close,'LockProfit Close','LockProfit Close',TRUE,,,2019/4/17 9:55,2019/4/17 9:55,FALSE
Normal Open,'Normal Open','Normal Open',TRUE,,,2019/4/22 9:15,2019/4/22 9:15,FALSE
LockProfit Close,'LockProfit Close','LockProfit Close',TRUE,,,2019/4/23 9:15,2019/4/23 9:15,FALSE
Normal Open,'Normal Open','Normal Open',TRUE,,,2019/4/24 13:10,2019/4/24 13:10,TRUE
LockProfit Close,'LockProfit Close','LockProfit Close',TRUE,,,2019/4/25 9:25,2019/4/25 9:25,TRUE
Normal Open,'Normal Open','Normal Open',TRUE,,,2019/4/26 9:15,2019/4/26 9:15,FALSE
StopLoss Close,'StopLoss Close','StopLoss Close',TRUE,,,2019/4/29 9:25,2019/4/29 9:25,TRUE
Normal Open,'Normal Open','Normal Open',TRUE,,,2019/4/30 9:15,2019/4/30 9:15,FALSE
Normal Close,'Normal Close','Normal Close',TRUE,,,2019/5/6 9:15,2019/5/6 9:15,FALSE
Normal Open,'Normal Open','Normal Open',TRUE,,,2019/5/7 9:15,2019/5/7 9:15,FALSE
Normal Close,'Normal Close','Normal Close',TRUE,,,2019/5/8 9:25,2019/5/8 9:25,TRUE
Normal Open,'Normal Open','Normal Open',TRUE,,,2019/5/10 9:20,2019/5/10 9:20,TRUE
Normal Close,'Normal Close','Normal Close',TRUE,,,2019/5/13 9:15,2019/5/13 9:15,FALSE
Normal Open,'Normal Open','Normal Open',TRUE,,,2019/5/14 13:10,2019/5/14 13:10,TRUE
LockProfit Close,'LockProfit Close','LockProfit Close',TRUE,,,2019/5/15 9:25,2019/5/15 9:25,TRUE
Normal Open,'Normal Open','Normal Open',TRUE,,,2019/5/17 9:15,2019/5/17 9:15,FALSE
Normal Close,'Normal Close','Normal Close',TRUE,,,2019/5/20 10:20,2019/5/20 10:20,FALSE
Normal Open,'Normal Open','Normal Open',TRUE,,,2019/5/21 9:45,2019/5/21 9:45,TRUE
LockProfit Close,'LockProfit Close','LockProfit Close',TRUE,,,2019/5/22 9:15,2019/5/22 9:15,FALSE
Normal Open,'Normal Open','Normal Open',TRUE,,,2019/5/27 9:15,2019/5/27 9:15,FALSE
Normal Close,'Normal Close','Normal Close',TRUE,,,2019/5/28 9:15,2019/5/28 9:15,FALSE
Normal Open,'Normal Open','Normal Open',TRUE,,,2019/5/31 10:00,2019/5/31 10:00,FALSE
Normal Close,'Normal Close','Normal Close',TRUE,,,2019/6/3 9:15,2019/6/3 9:15,FALSE
Normal Open,'Normal Open','Normal Open',TRUE,,,2019/6/10 9:15,2019/6/10 9:15,FALSE
LockProfit Close,'LockProfit Close','LockProfit Close',TRUE,,,2019/6/11 9:20,2019/6/11 9:20,TRUE
Normal Open,'Normal Open','Normal Open',TRUE,,,2019/6/18 10:25,2019/6/18 10:25,TRUE
LockProfit Close,'LockProfit Close','LockProfit Close',TRUE,,,2019/6/19 9:15,2019/6/19 9:15,FALSE
Normal Open,'Normal Open','Normal Open',TRUE,,,2019/6/21 9:15,2019/6/21 9:15,FALSE
Normal Close,'Normal Close','Normal Close',TRUE,,,2019/6/25 10:35,2019/6/25 10:35,FALSE
Normal Open,'Normal Open','Normal Open',TRUE,,,2019/6/26 9:25,2019/6/26 9:25,TRUE
LockProfit Close,'LockProfit Close','LockProfit Close',TRUE,,,2019/6/27 14:50,2019/6/27 14:50,FALSE
Normal Open,'Normal Open','Normal Open',TRUE,,,2019/7/1 9:15,2019/7/1 9:15,FALSE
StopLoss Close,'StopLoss Close','StopLoss Close',TRUE,,,2019/7/2 9:20,2019/7/2 9:20,TRUE
Normal Open,'Normal Open','Normal Open',TRUE,,,2019/7/4 9:35,2019/7/4 9:35,FALSE
LockProfit Close,'LockProfit Close','LockProfit Close',TRUE,,,2019/7/8 9:15,2019/7/8 9:15,FALSE
Normal Open,'Normal Open','Normal Open',TRUE,,,2019/7/9 9:15,2019/7/9 9:15,FALSE
Normal Close,'Normal Close','Normal Close',TRUE,,,2019/7/10 9:30,2019/7/10 9:30,FALSE
Normal Open,'Normal Open','Normal Open',TRUE,,,2019/7/11 9:15,2019/7/11 9:15,FALSE
Prev+Profit Close,'Prev+Profit Close','Prev+Profit Close',TRUE,,,2019/7/12 9:15,2019/7/12 9:15,FALSE
Normal Open,'Normal Open','Normal Open',TRUE,,,2019/7/15 10:05,2019/7/15 10:05,TRUE
LockProfit Close,'LockProfit Close','LockProfit Close',TRUE,,,2019/7/16 9:15,2019/7/16 9:15,FALSE
Normal Open,'Normal Open','Normal Open',TRUE,,,2019/7/19 13:45,2019/7/19 13:45,FALSE
Normal Close,'Normal Close','Normal Close',TRUE,,,2019/7/22 9:40,2019/7/22 9:40,TRUE
Normal Open,'Normal Open','Normal Open',TRUE,,,2019/7/23 13:50,2019/7/23 13:50,TRUE
LockProfit Close,'LockProfit Close','LockProfit Close',TRUE,,,2019/7/24 9:15,2019/7/24 9:15,FALSE
Normal Open,'Normal Open','Normal Open',TRUE,,,2019/7/29 9:50,2019/7/29 9:50,FALSE
LockProfit Close,'LockProfit Close','LockProfit Close',TRUE,,,2019/7/30 10:30,2019/7/30 10:30,TRUE
Normal Open,'Normal Open','Normal Open',TRUE,,,2019/8/6 13:20,2019/8/6 13:20,FALSE
Normal Close,'Normal Close','Normal Close',TRUE,,,2019/8/9 9:45,2019/8/9 9:45,TRUE
Normal Open,'Normal Open','Normal Open',TRUE,,,2019/8/13 9:15,2019/8/13 9:15,FALSE
LockProfit Close,'LockProfit Close','LockProfit Close',TRUE,,,2019/8/14 9:15,2019/8/14 9:15,FALSE
Normal Open,'Normal Open','Normal Open',TRUE,,,2019/8/15 10:55,2019/8/15 10:55,TRUE
LockProfit Close,'LockProfit Close','LockProfit Close',TRUE,,,2019/8/16 9:15,2019/8/16 9:15,FALSE
Normal Open,'Normal Open','Normal Open',TRUE,,,2019/8/21 11:20,2019/8/21 11:20,FALSE
LockProfit Close,'LockProfit Close','LockProfit Close',TRUE,,,2019/8/22 9:15,2019/8/22 9:15,FALSE
Normal Open,'Normal Open','Normal Open',TRUE,,,2019/8/27 9:15,2019/8/27 9:15,FALSE
Normal Close,'Normal Close','Normal Close',TRUE,,,2019/8/28 9:30,2019/8/28 9:30,FALSE
Normal Open,'Normal Open','Normal Open',TRUE,,,2019/8/30 9:15,2019/8/30 9:15,FALSE
LockProfit Close,'LockProfit Close','LockProfit Close',TRUE,,,2019/9/2 9:15,2019/9/2 9:15,FALSE
Normal Open,'Normal Open','Normal Open',TRUE,,,2019/9/3 9:15,2019/9/3 9:15,FALSE
Normal Close,'Normal Close','Normal Close',TRUE,,,2019/9/4 13:45,2019/9/4 13:45,FALSE
Normal Open,'Normal Open','Normal Open',TRUE,,,2019/9/9 9:15,2019/9/9 9:15,FALSE
LockProfit Close,'LockProfit Close','LockProfit Close',TRUE,,,2019/9/10 9:30,2019/9/10 9:30,FALSE
Normal Open,'Normal Open','Normal Open',TRUE,,,2019/9/11 9:30,2019/9/11 9:30,FALSE
LockProfit Close,'LockProfit Close','LockProfit Close',TRUE,,,2019/9/12 9:15,2019/9/12 9:15,FALSE
Normal Open,'Normal Open','Normal Open',TRUE,,,2019/9/16 9:15,2019/9/16 9:15,FALSE
Normal Close,'Normal Close','Normal Close',TRUE,,,2019/9/17 9:15,2019/9/17 9:15,FALSE
Normal Open,'Normal Open','Normal Open',TRUE,,,2019/9/18 9:15,2019/9/18 9:15,FALSE
LockProfit Close,'LockProfit Close','LockProfit Close',TRUE,,,2019/9/19 9:15,2019/9/19 9:15,FALSE
Normal Open,'Normal Open','Normal Open',TRUE,,,2019/9/24 11:25,2019/9/24 11:25,FALSE
LockProfit Close,'LockProfit Close','LockProfit Close',TRUE,,,2019/9/26 14:15,2019/9/26 14:15,TRUE
Normal Open,'Normal Open','Normal Open',TRUE,,,2019/9/27 14:15,2019/9/27 14:15,TRUE
LockProfit Close,'LockProfit Close','LockProfit Close',TRUE,,,2019/9/30 11:30,2019/9/30 11:30,FALSE
Normal Open,'Normal Open','Normal Open',TRUE,,,2019/10/10 13:30,2019/10/10 13:30,TRUE
LockProfit Close,'LockProfit Close','LockProfit Close',TRUE,,,2019/10/11 9:15,2019/10/11 9:15,FALSE
Normal Open,'Normal Open','Normal Open',TRUE,,,2019/10/14 9:15,2019/10/14 9:15,FALSE
StopLoss Close,'StopLoss Close','StopLoss Close',TRUE,,,2019/10/15 9:20,2019/10/15 9:20,TRUE
Normal Open,'Normal Open','Normal Open',TRUE,,,2019/10/18 13:20,2019/10/18 13:20,FALSE
LockProfit Close,'LockProfit Close','LockProfit Close',TRUE,,,2019/10/21 10:15,2019/10/21 10:15,FALSE
Normal Open,'Normal Open','Normal Open',TRUE,,,2019/10/22 9:15,2019/10/22 9:15,FALSE
LockProfit Close,'LockProfit Close','LockProfit Close',TRUE,,,2019/10/28 9:15,2019/10/28 9:15,FALSE
Normal Open,'Normal Open','Normal Open',TRUE,,,2019/10/29 9:15,2019/10/29 9:15,FALSE
LockProfit Close,'LockProfit Close','LockProfit Close',TRUE,,,2019/10/30 10:50,2019/10/30 10:50,TRUE
Normal Open,'Normal Open','Normal Open',TRUE,,,2019/10/31 9:20,2019/10/31 9:20,TRUE
Normal Close,'Normal Close','Normal Close',TRUE,,,2019/11/1 9:15,2019/11/1 9:15,FALSE
Normal Open,'Normal Open','Normal Open',TRUE,,,2019/11/4 10:15,2019/11/4 10:15,FALSE
Normal Close,'Normal Close','Normal Close',TRUE,,,2019/11/5 9:50,2019/11/5 9:50,FALSE
Normal Open,'Normal Open','Normal Open',TRUE,,,2019/11/8 9:15,2019/11/8 9:15,FALSE
Normal Close,'Normal Close','Normal Close',TRUE,,,2019/11/11 13:20,2019/11/11 13:20,FALSE
Normal Open,'Normal Open','Normal Open',TRUE,,,2019/11/14 13:20,2019/11/14 13:20,FALSE
LockProfit Close,'LockProfit Close','LockProfit Close',TRUE,,,2019/11/15 9:15,2019/11/15 9:15,FALSE
Normal Open,'Normal Open','Normal Open',TRUE,,,2019/11/22 9:15,2019/11/22 9:15,FALSE
LockProfit Close,'LockProfit Close','LockProfit Close',TRUE,,,2019/11/25 10:05,2019/11/25 10:05,TRUE
Normal Open,'Normal Open','Normal Open',TRUE,,,2019/12/2 9:15,2019/12/2 9:15,FALSE
LockProfit Close,'LockProfit Close','LockProfit Close',TRUE,,,2019/12/3 9:55,2019/12/3 9:55,FALSE
Normal Open,'Normal Open','Normal Open',TRUE,,,2019/12/6 10:10,2019/12/6 10:10,TRUE
LockProfit Close,'LockProfit Close','LockProfit Close',TRUE,,,2019/12/9 9:15,2019/12/9 9:15,FALSE
Normal Open,'Normal Open','Normal Open',TRUE,,,2019/12/13 9:50,2019/12/13 9:50,FALSE
LockProfit Close,'LockProfit Close','LockProfit Close',TRUE,,,2019/12/17 9:15,2019/12/17 9:15,FALSE
Normal Open,'Normal Open','Normal Open',TRUE,,,2019/12/18 9:15,2019/12/18 9:15,FALSE
Normal Close,'Normal Close','Normal Close',TRUE,,,2019/12/20 10:35,2019/12/20 10:35,FALSE
Normal Open,'Normal Open','Normal Open',TRUE,,,2019/12/27 9:40,2019/12/27 9:40,TRUE
LockProfit Close,'LockProfit Close','LockProfit Close',TRUE,,,2020/1/2 11:25,2020/1/2 11:25,FALSE
Normal Open,'Normal Open','Normal Open',TRUE,,,2020/1/7 9:20,2020/1/7 9:20,TRUE
LockProfit Close,'LockProfit Close','LockProfit Close',TRUE,,,2020/1/9 9:25,2020/1/9 9:25,TRUE
Normal Open,'Normal Open','Normal Open',TRUE,,,2020/1/14 9:25,2020/1/14 9:25,TRUE
Normal Close,'Normal Close','Normal Close',TRUE,,,2020/1/15 13:10,2020/1/15 13:10,TRUE
Normal Open,'Normal Open','Normal Open',TRUE,,,2020/1/17 9:20,2020/1/17 9:20,TRUE
Normal Close,'Normal Close','Normal Close',TRUE,,,2020/1/20 9:15,2020/1/20 9:15,FALSE
Normal Open,'Normal Open','Normal Open',TRUE,,,2020/1/22 14:10,2020/1/22 14:10,TRUE
Normal Close,'Normal Close','Normal Close',TRUE,,,2020/1/23 10:05,2020/1/23 10:05,TRUE
Normal Open,'Normal Open','Normal Open',TRUE,,,2020/2/3 9:45,2020/2/3 9:45,TRUE
LockProfit Close,'LockProfit Close','LockProfit Close',TRUE,,,2020/2/4 9:15,2020/2/4 9:15,FALSE
Normal Open,'Normal Open','Normal Open',TRUE,,,2020/2/5 9:15,2020/2/5 9:15,FALSE
StopLoss Close,'StopLoss Close','StopLoss Close',TRUE,,,2020/2/6 9:30,2020/2/6 9:30,FALSE
Normal Open,'Normal Open','Normal Open',TRUE,,,2020/2/7 9:20,2020/2/7 9:20,TRUE
Normal Close,'Normal Close','Normal Close',TRUE,,,2020/2/10 9:15,2020/2/10 9:15,FALSE
Normal Open,'Normal Open','Normal Open',TRUE,,,2020/2/11 9:15,2020/2/11 9:15,FALSE
LockProfit Close,'LockProfit Close','LockProfit Close',TRUE,,,2020/2/12 9:15,2020/2/12 9:15,FALSE
Normal Open,'Normal Open','Normal Open',TRUE,,,2020/2/14 9:15,2020/2/14 9:15,FALSE
LockProfit Close,'LockProfit Close','LockProfit Close',TRUE,,,2020/2/17 9:15,2020/2/17 9:15,FALSE
Normal Open,'Normal Open','Normal Open',TRUE,,,2020/2/18 9:15,2020/2/18 9:15,FALSE
StopLoss Close,'StopLoss Close','StopLoss Close',TRUE,,,2020/2/19 9:30,2020/2/19 9:30,FALSE
Normal Open,'Normal Open','Normal Open',TRUE,,,2020/2/20 9:20,2020/2/20 9:20,TRUE
Normal Close,'Normal Close','Normal Close',TRUE,,,2020/2/21 9:15,2020/2/21 9:15,FALSE
Normal Open,'Normal Open','Normal Open',TRUE,,,2020/2/26 13:45,2020/2/26 13:45,FALSE
Normal Close,'Normal Close','Normal Close',TRUE,,,2020/2/27 9:15,2020/2/27 9:15,FALSE
Normal Open,'Normal Open','Normal Open',TRUE,,,2020/3/2 10:20,2020/3/2 10:20,FALSE
LockProfit Close,'LockProfit Close','LockProfit Close',TRUE,,,2020/3/3 9:15,2020/3/3 9:15,FALSE
Normal Open,'Normal Open','Normal Open',TRUE,,,2020/3/9 14:00,2020/3/9 14:00,FALSE
LockProfit Close,'LockProfit Close','LockProfit Close',TRUE,,,2020/3/10 9:15,2020/3/10 9:15,TRUE
Normal Open,'Normal Open','Normal Open',TRUE,,,2020/3/11 9:15,2020/3/11 9:15,TRUE
StopLoss Close,'StopLoss Close','StopLoss Close',TRUE,,,2020/3/12 9:20,2020/3/12 9:20,TRUE
Normal Open,'Normal Open','Normal Open',TRUE,,,2020/3/13 9:15,2020/3/13 9:15,TRUE
Normal Close,'Normal Close','Normal Close',TRUE,,,2020/3/16 9:15,2020/3/16 9:15,TRUE
Normal Open,'Normal Open','Normal Open',TRUE,,,2020/3/17 9:15,2020/3/17 9:15,TRUE
LockProfit Close,'LockProfit Close','LockProfit Close',TRUE,,,2020/3/18 9:15,2020/3/18 9:15,TRUE
Normal Open,'Normal Open','Normal Open',TRUE,,,2020/3/19 9:15,2020/3/19 9:15,TRUE
Prev+Profit Close,'Prev+Profit Close','Prev+Profit Close',TRUE,,,2020/3/20 9:15,2020/3/20 9:15,TRUE
Normal Open,'Normal Open','Normal Open',TRUE,,,2020/3/23 9:20,2020/3/23 9:20,TRUE
Normal Close,'Normal Close','Normal Close',TRUE,,,2020/3/24 10:05,2020/3/24 10:05,TRUE
Normal Open,'Normal Open','Normal Open',TRUE,,,2020/3/25 9:15,2020/3/25 9:15,TRUE
StopLoss Close,'StopLoss Close','StopLoss Close',TRUE,,,2020/3/26 9:20,2020/3/26 9:20,TRUE
Normal Open,'Normal Open','Normal Open',TRUE,,,2020/3/27 10:15,2020/3/27 10:15,TRUE
Normal Close,'Normal Close','Normal Close',TRUE,,,2020/3/30 9:50,2020/3/30 9:50,TRUE
Normal Open,'Normal Open','Normal Open',TRUE,,,2020/3/31 9:15,2020/3/31 9:15,TRUE
Normal Close,'Normal Close','Normal Close',TRUE,,,2020/4/1 9:15,2020/4/1 9:15,TRUE
Normal Open,'Normal Open','Normal Open',TRUE,,,2020/4/2 9:15,2020/4/2 9:15,TRUE
LockProfit Close,'LockProfit Close','LockProfit Close',TRUE,,,2020/4/3 9:15,2020/4/3 9:15,TRUE
Normal Open,'Normal Open','Normal Open',TRUE,,,2020/4/7 9:20,2020/4/7 9:20,TRUE
StopLoss Close,'StopLoss Close','StopLoss Close',TRUE,,,2020/4/8 9:40,2020/4/8 9:40,TRUE
Normal Open,'Normal Open','Normal Open',TRUE,,,2020/4/9 9:20,2020/4/9 9:20,TRUE
LockProfit Close,'LockProfit Close','LockProfit Close',TRUE,,,2020/4/10 9:15,2020/4/10 9:15,TRUE
Normal Open,'Normal Open','Normal Open',TRUE,,,2020/4/13 9:15,2020/4/13 9:15,TRUE
StopLoss Close,'StopLoss Close','StopLoss Close',TRUE,,,2020/4/14 9:25,2020/4/14 9:25,TRUE
Normal Open,'Normal Open','Normal Open',TRUE,,,2020/4/15 9:15,2020/4/15 9:15,TRUE
Normal Close,'Normal Close','Normal Close',TRUE,,,2020/4/16 9:15,2020/4/16 9:15,TRUE
Normal Open,'Normal Open','Normal Open',TRUE,,,2020/4/17 9:15,2020/4/17 9:15,TRUE
Prev+Profit Close,'Prev+Profit Close','Prev+Profit Close',TRUE,,,2020/4/20 9:15,2020/4/20 9:15,TRUE
Normal Open,'Normal Open','Normal Open',TRUE,,,2020/4/21 9:15,2020/4/21 9:15,TRUE
Normal Close,'Normal Close','Normal Close',TRUE,,,2020/4/22 9:15,2020/4/22 9:15,TRUE
Normal Open,'Normal Open','Normal Open',TRUE,,,2020/4/23 13:25,2020/4/23 13:25,TRUE
Normal Close,'Normal Close','Normal Close',TRUE,,,2020/4/24 9:15,2020/4/24 9:15,TRUE
Normal Open,'Normal Open','Normal Open',TRUE,,,2020/4/27 9:15,2020/4/27 9:15,TRUE
Normal Close,'Normal Close','Normal Close',TRUE,,,2020/4/28 9:15,2020/4/28 9:15,TRUE
Normal Open,'Normal Open','Normal Open',TRUE,,,2020/4/30 9:20,2020/4/30 9:20,TRUE
LockProfit Close,'LockProfit Close','LockProfit Close',TRUE,,,2020/5/6 9:15,2020/5/6 9:15,TRUE
Normal Open,'Normal Open','Normal Open',TRUE,,,2020/5/7 9:15,2020/5/7 9:15,TRUE
LockProfit Close,'LockProfit Close','LockProfit Close',TRUE,,,2020/5/8 9:15,2020/5/8 9:15,TRUE
Normal Open,'Normal Open','Normal Open',TRUE,,,2020/5/11 9:15,2020/5/11 9:15,TRUE
Normal Close,'Normal Close','Normal Close',TRUE,,,2020/5/12 9:15,2020/5/12 9:15,TRUE
Normal Open,'Normal Open','Normal Open',TRUE,,,2020/5/13 9:15,2020/5/13 9:15,TRUE
LockProfit Close,'LockProfit Close','LockProfit Close',TRUE,,,2020/5/14 9:15,2020/5/14 9:15,TRUE
Normal Open,'Normal Open','Normal Open',TRUE,,,2020/5/15 9:20,2020/5/15 9:20,TRUE
Prev+Profit Close,'Prev+Profit Close','Prev+Profit Close',TRUE,,,2020/5/18 9:15,2020/5/18 9:15,TRUE
Normal Open,'Normal Open','Normal Open',TRUE,,,2020/5/19 9:15,2020/5/19 9:15,TRUE
StopLoss Close,'StopLoss Close','StopLoss Close',TRUE,,,2020/5/20 9:20,2020/5/20 9:20,TRUE
Normal Open,'Normal Open','Normal Open',TRUE,,,2020/5/25 9:20,2020/5/25 9:20,TRUE
LockProfit Close,'LockProfit Close','LockProfit Close',TRUE,,,2020/5/26 9:15,2020/5/26 9:15,TRUE
Normal Open,'Normal Open','Normal Open',TRUE,,,2020/5/27 9:15,2020/5/27 9:15,TRUE
Normal Close,'Normal Close','Normal Close',TRUE,,,2020/5/28 9:15,2020/5/28 9:15,TRUE
Normal Open,'Normal Open','Normal Open',TRUE,,,2020/5/29 9:50,2020/5/29 9:50,TRUE
LockProfit Close,'LockProfit Close','LockProfit Close',TRUE,,,2020/6/1 9:30,2020/6/1 9:30,TRUE
Normal Open,'Normal Open','Normal Open',TRUE,,,2020/6/2 9:15,2020/6/2 9:15,TRUE
Prev+Profit Close,'Prev+Profit Close','Prev+Profit Close',TRUE,,,2020/6/3 9:15,2020/6/3 9:15,TRUE
Normal Open,'Normal Open','Normal Open',TRUE,,,2020/6/4 9:20,2020/6/4 9:20,TRUE
LockProfit Close,'LockProfit Close','LockProfit Close',TRUE,,,2020/6/5 9:15,2020/6/5 9:15,TRUE
Normal Open,'Normal Open','Normal Open',TRUE,,,2020/6/8 9:15,2020/6/8 9:15,TRUE
StopLoss Close,'StopLoss Close','StopLoss Close',TRUE,,,2020/6/9 9:20,2020/6/9 9:20,TRUE
Normal Open,'Normal Open','Normal Open',TRUE,,,2020/6/10 9:15,2020/6/10 9:15,TRUE
Normal Close,'Normal Close','Normal Close',TRUE,,,2020/6/11 9:15,2020/6/11 9:15,TRUE
Normal Open,'Normal Open','Normal Open',TRUE,,,2020/6/16 9:15,2020/6/16 9:15,TRUE
LockProfit Close,'LockProfit Close','LockProfit Close',TRUE,,,2020/6/17 9:15,2020/6/17 9:15,TRUE
Normal Open,'Normal Open','Normal Open',TRUE,,,2020/6/18 9:20,2020/6/18 9:20,TRUE
LockProfit Close,'LockProfit Close','LockProfit Close',TRUE,,,2020/6/19 9:15,2020/6/19 9:15,TRUE
Normal Open,'Normal Open','Normal Open',TRUE,,,2020/6/22 9:15,2020/6/22 9:15,TRUE
LockProfit Close,'LockProfit Close','LockProfit Close',TRUE,,,2020/6/23 9:15,2020/6/23 9:15,TRUE
Normal Open,'Normal Open','Normal Open',TRUE,,,2020/6/24 9:15,2020/6/24 9:15,TRUE
StopLoss Close,'StopLoss Close','StopLoss Close',TRUE,,,2020/6/29 9:40,2020/6/29 9:40,TRUE
Normal Open,'Normal Open','Normal Open',TRUE,,,2020/6/30 9:15,2020/6/30 9:15,TRUE
Normal Close,'Normal Close','Normal Close',TRUE,,,2020/7/1 9:15,2020/7/1 9:15,TRUE
Normal Open,'Normal Open','Normal Open',TRUE,,,2020/7/2 9:30,2020/7/2 9:30,TRUE
LockProfit Close,'LockProfit Close','LockProfit Close',TRUE,,,2020/7/3 10:00,2020/7/3 10:00,TRUE
Normal Open,'Normal Open','Normal Open',TRUE,,,2020/7/6 9:15,2020/7/6 9:15,TRUE
LockProfit Close,'LockProfit Close','LockProfit Close',TRUE,,,2020/7/7 9:15,2020/7/7 9:15,TRUE
Normal Open,'Normal Open','Normal Open',TRUE,,,2020/7/8 9:15,2020/7/8 9:15,TRUE
Prev+Profit Close,'Prev+Profit Close','Prev+Profit Close',TRUE,,,2020/7/9 9:15,2020/7/9 9:15,TRUE
Normal Open,'Normal Open','Normal Open',TRUE,,,2020/7/10 9:20,2020/7/10 9:20,TRUE
LockProfit Close,'LockProfit Close','LockProfit Close',TRUE,,,2020/7/13 9:30,2020/7/13 9:30,TRUE
Normal Open,'Normal Open','Normal Open',TRUE,,,2020/7/14 9:20,2020/7/14 9:20,TRUE
LockProfit Close,'LockProfit Close','LockProfit Close',TRUE,,,2020/7/15 9:15,2020/7/15 9:15,TRUE
Normal Open,'Normal Open','Normal Open',TRUE,,,2020/7/17 14:00,2020/7/17 14:00,TRUE
LockProfit Close,'LockProfit Close','LockProfit Close',TRUE,,,2020/7/20 10:20,2020/7/20 10:20,TRUE
Normal Open,'Normal Open','Normal Open',TRUE,,,2020/7/21 14:00,2020/7/21 14:00,TRUE
LockProfit Close,'LockProfit Close','LockProfit Close',TRUE,,,2020/7/22 9:45,2020/7/22 9:45,TRUE
Normal Open,'Normal Open','Normal Open',TRUE,,,2020/7/23 9:40,2020/7/23 9:40,TRUE
StopLoss Close,'StopLoss Close','StopLoss Close',TRUE,,,2020/7/24 10:40,2020/7/24 10:40,TRUE
Normal Open,'Normal Open','Normal Open',TRUE,,,2020/7/27 9:30,2020/7/27 9:30,TRUE
LockProfit Close,'LockProfit Close','LockProfit Close',TRUE,,,2020/7/28 9:30,2020/7/28 9:30,TRUE
Normal Open,'Normal Open','Normal Open',TRUE,,,2020/7/29 9:45,2020/7/29 9:45,TRUE
LockProfit Close,'LockProfit Close','LockProfit Close',TRUE,,,2020/7/30 9:30,2020/7/30 9:30,TRUE
Normal Open,'Normal Open','Normal Open',TRUE,,,2020/7/31 9:30,2020/7/31 9:30,TRUE
LockProfit Close,'LockProfit Close','LockProfit Close',TRUE,,,2020/8/3 9:30,2020/8/3 9:30,TRUE
Normal Open,'Normal Open','Normal Open',TRUE,,,2020/8/5 11:30,2020/8/5 11:30,TRUE
LockProfit Close,'LockProfit Close','LockProfit Close',TRUE,,,2020/8/6 9:30,2020/8/6 9:30,TRUE
Normal Open,'Normal Open','Normal Open',TRUE,,,2020/8/7 9:30,2020/8/7 9:30,TRUE
Prev+Profit Close,'Prev+Profit Close','Prev+Profit Close',TRUE,,,2020/8/10 9:30,2020/8/10 9:30,TRUE
Normal Open,'Normal Open','Normal Open',TRUE,,,2020/8/11 13:55,2020/8/11 13:55,TRUE
LockProfit Close,'LockProfit Close','LockProfit Close',TRUE,,,2020/8/12 13:35,2020/8/12 13:35,TRUE
Normal Open,'Normal Open','Normal Open',TRUE,,,2020/8/18 9:35,2020/8/18 9:35,TRUE
LockProfit Close,'LockProfit Close','LockProfit Close',TRUE,,,2020/8/19 13:35,2020/8/19 13:35,TRUE
Normal Open,'Normal Open','Normal Open',TRUE,,,2020/8/20 9:30,2020/8/20 9:30,TRUE
