,Type,Before_X,Before_X_Atleast,After_Y,lockprofit,stoploss,totalpnl,count,avgpnl,winratio
40,Strong_Long,3,3,2,0.3,0.1,1.50 ,5,30%,100%
42,Strong_Long,4,4,2,0.3,0.1,1.50 ,5,30%,100%
46,Strong_Long,3,3,2,0.3,0.2,1.50 ,5,30%,100%
48,Strong_Long,4,4,2,0.3,0.2,1.50 ,5,30%,100%
52,Strong_Long,3,3,2,0.3,0.3,1.50 ,5,30%,100%
54,Strong_Long,4,4,2,0.3,0.3,1.50 ,5,30%,100%
38,Strong_Long,2,2,2,0.3,0.1,1.61 ,6,27%,100%
44,Strong_Long,2,2,2,0.3,0.2,1.61 ,6,27%,100%
50,Strong_Long,2,2,2,0.3,0.3,1.61 ,6,27%,100%
41,Strong_Long,4,4,1,0.3,0.1,3.08 ,15,21%,80%
22,Strong_Long,3,3,2,0.2,0.1,1.00 ,5,20%,100%
24,Strong_Long,4,4,2,0.2,0.1,1.00 ,5,20%,100%
28,Strong_Long,3,3,2,0.2,0.2,1.00 ,5,20%,100%
30,Strong_Long,4,4,2,0.2,0.2,1.00 ,5,20%,100%
34,Strong_Long,3,3,2,0.2,0.3,1.00 ,5,20%,100%
36,Strong_Long,4,4,2,0.2,0.3,1.00 ,5,20%,100%
47,Strong_Long,4,4,1,0.3,0.2,2.78 ,15,19%,80%
20,Strong_Long,2,2,2,0.2,0.1,1.11 ,6,18%,100%
26,Strong_Long,2,2,2,0.2,0.2,1.11 ,6,18%,100%
32,Strong_Long,2,2,2,0.2,0.3,1.11 ,6,18%,100%
39,Strong_Long,3,3,1,0.3,0.1,3.12 ,17,18%,76%
37,Strong_Long,2,2,1,0.3,0.1,3.22 ,18,18%,78%
53,Strong_Long,4,4,1,0.3,0.3,2.50 ,15,17%,80%
23,Strong_Long,4,4,1,0.2,0.1,2.40 ,15,16%,87%
45,Strong_Long,3,3,1,0.3,0.2,2.72 ,17,16%,76%
43,Strong_Long,2,2,1,0.3,0.2,2.82 ,18,16%,78%
29,Strong_Long,4,4,1,0.2,0.2,2.20 ,15,15%,87%
21,Strong_Long,3,3,1,0.2,0.1,2.44 ,17,14%,82%
19,Strong_Long,2,2,1,0.2,0.1,2.54 ,18,14%,83%
51,Strong_Long,3,3,1,0.3,0.3,2.35 ,17,14%,76%
49,Strong_Long,2,2,1,0.3,0.3,2.45 ,18,14%,78%
35,Strong_Long,4,4,1,0.2,0.3,2.00 ,15,13%,87%
27,Strong_Long,3,3,1,0.2,0.2,2.14 ,17,13%,82%
25,Strong_Long,2,2,1,0.2,0.2,2.24 ,18,12%,83%
33,Strong_Long,3,3,1,0.2,0.3,1.84 ,17,11%,82%
31,Strong_Long,2,2,1,0.2,0.3,1.94 ,18,11%,83%
2,Strong_Long,2,2,2,0.1,0.1,0.60 ,6,10%,100%
4,Strong_Long,3,3,2,0.1,0.1,0.50 ,5,10%,100%
6,Strong_Long,4,4,2,0.1,0.1,0.50 ,5,10%,100%
8,Strong_Long,2,2,2,0.1,0.2,0.60 ,6,10%,100%
10,Strong_Long,3,3,2,0.1,0.2,0.50 ,5,10%,100%
12,Strong_Long,4,4,2,0.1,0.2,0.50 ,5,10%,100%
14,Strong_Long,2,2,2,0.1,0.3,0.60 ,6,10%,100%
16,Strong_Long,3,3,2,0.1,0.3,0.50 ,5,10%,100%
18,Strong_Long,4,4,2,0.1,0.3,0.50 ,5,10%,100%
5,Strong_Long,4,4,1,0.1,0.1,1.10 ,15,7%,87%
1,Strong_Long,2,2,1,0.1,0.1,1.20 ,18,7%,83%
3,Strong_Long,3,3,1,0.1,0.1,1.10 ,17,6%,82%
11,Strong_Long,4,4,1,0.1,0.2,0.90 ,15,6%,87%
7,Strong_Long,2,2,1,0.1,0.2,0.90 ,18,5%,83%
9,Strong_Long,3,3,1,0.1,0.2,0.80 ,17,5%,82%
17,Strong_Long,4,4,1,0.1,0.3,0.70 ,15,5%,87%
13,Strong_Long,2,2,1,0.1,0.3,0.60 ,18,3%,83%
15,Strong_Long,3,3,1,0.1,0.3,0.50 ,17,3%,82%
62,Strong_Short,2,2,2,0.1,0.2,0.50 ,8,6%,88%
64,Strong_Short,3,3,2,0.1,0.2,0.50 ,8,6%,88%
66,Strong_Short,4,4,2,0.1,0.2,0.50 ,8,6%,88%
68,Strong_Short,2,2,2,0.1,0.3,0.40 ,8,5%,88%
70,Strong_Short,3,3,2,0.1,0.3,0.40 ,8,5%,88%
72,Strong_Short,4,4,2,0.1,0.3,0.40 ,8,5%,88%
80,Strong_Short,2,2,2,0.2,0.2,1.20 ,8,15%,88%
82,Strong_Short,3,3,2,0.2,0.2,1.20 ,8,15%,88%
84,Strong_Short,4,4,2,0.2,0.2,1.20 ,8,15%,88%
86,Strong_Short,2,2,2,0.2,0.3,1.10 ,8,14%,88%
88,Strong_Short,3,3,2,0.2,0.3,1.10 ,8,14%,88%
90,Strong_Short,4,4,2,0.2,0.3,1.10 ,8,14%,88%
98,Strong_Short,2,2,2,0.3,0.2,1.35 ,8,17%,88%
100,Strong_Short,3,3,2,0.3,0.2,1.35 ,8,17%,88%
102,Strong_Short,4,4,2,0.3,0.2,1.35 ,8,17%,88%
104,Strong_Short,2,2,2,0.3,0.3,1.25 ,8,16%,88%
106,Strong_Short,3,3,2,0.3,0.3,1.25 ,8,16%,88%
108,Strong_Short,4,4,2,0.3,0.3,1.25 ,8,16%,88%
67,Strong_Short,2,2,1,0.1,0.3,0.75 ,17,4%,82%
69,Strong_Short,3,3,1,0.1,0.3,0.75 ,17,4%,82%
71,Strong_Short,4,4,1,0.1,0.3,0.65 ,16,4%,81%
85,Strong_Short,2,2,1,0.2,0.3,1.70 ,17,10%,76%
87,Strong_Short,3,3,1,0.2,0.3,1.70 ,17,10%,76%
89,Strong_Short,4,4,1,0.2,0.3,1.50 ,16,9%,75%
61,Strong_Short,2,2,1,0.1,0.2,0.20 ,17,1%,71%
63,Strong_Short,3,3,1,0.1,0.2,0.20 ,17,1%,71%
79,Strong_Short,2,2,1,0.2,0.2,1.30 ,17,8%,71%
81,Strong_Short,3,3,1,0.2,0.2,1.30 ,17,8%,71%
65,Strong_Short,4,4,1,0.1,0.2,0.10 ,16,1%,69%
83,Strong_Short,4,4,1,0.2,0.2,1.10 ,16,7%,69%
97,Strong_Short,2,2,1,0.3,0.2,1.53 ,17,9%,65%
99,Strong_Short,3,3,1,0.3,0.2,1.53 ,17,9%,65%
103,Strong_Short,2,2,1,0.3,0.3,1.65 ,17,10%,65%
105,Strong_Short,3,3,1,0.3,0.3,1.65 ,17,10%,65%
101,Strong_Short,4,4,1,0.3,0.2,1.39 ,16,9%,63%
107,Strong_Short,4,4,1,0.3,0.3,1.51 ,16,9%,63%
55,Strong_Short,2,2,1,0.1,0.1,(0.30),17,-2%,41%
57,Strong_Short,3,3,1,0.1,0.1,(0.30),17,-2%,41%
73,Strong_Short,2,2,1,0.2,0.1,0.40 ,17,2%,41%
75,Strong_Short,3,3,1,0.2,0.1,0.40 ,17,2%,41%
56,Strong_Short,2,2,2,0.1,0.1,(0.20),8,-3%,38%
58,Strong_Short,3,3,2,0.1,0.1,(0.20),8,-3%,38%
59,Strong_Short,4,4,1,0.1,0.1,(0.40),16,-3%,38%
60,Strong_Short,4,4,2,0.1,0.1,(0.20),8,-3%,38%
74,Strong_Short,2,2,2,0.2,0.1,0.10 ,8,1%,38%
76,Strong_Short,3,3,2,0.2,0.1,0.10 ,8,1%,38%
77,Strong_Short,4,4,1,0.2,0.1,0.20 ,16,1%,38%
78,Strong_Short,4,4,2,0.2,0.1,0.10 ,8,1%,38%
92,Strong_Short,2,2,2,0.3,0.1,0.12 ,8,1%,38%
94,Strong_Short,3,3,2,0.3,0.1,0.12 ,8,1%,38%
96,Strong_Short,4,4,2,0.3,0.1,0.12 ,8,1%,38%
91,Strong_Short,2,2,1,0.3,0.1,0.52 ,17,3%,35%
93,Strong_Short,3,3,1,0.3,0.1,0.52 ,17,3%,35%
95,Strong_Short,4,4,1,0.3,0.1,0.38 ,16,2%,31%
152,Week_Long,6,4,2,0.1,0.3,1.60 ,27,6%,85%
156,Week_Long,10,8,2,0.1,0.3,1.10 ,18,6%,83%
142,Week_Long,2,1,2,0.1,0.3,2.16 ,44,5%,82%
150,Week_Long,5,4,2,0.1,0.3,1.10 ,22,5%,82%
154,Week_Long,8,6,2,0.1,0.3,1.10 ,22,5%,82%
136,Week_Long,6,4,2,0.1,0.2,1.10 ,27,4%,81%
146,Week_Long,4,3,2,0.1,0.3,1.39 ,26,5%,81%
148,Week_Long,5,3,2,0.1,0.3,1.66 ,31,5%,81%
144,Week_Long,3,2,2,0.1,0.3,1.56 ,30,5%,80%
126,Week_Long,2,1,2,0.1,0.2,1.60 ,44,4%,80%
113,Week_Long,4,3,1,0.1,0.1,3.00 ,54,6%,78%
120,Week_Long,6,4,2,0.1,0.1,1.50 ,27,6%,78%
129,Week_Long,4,3,1,0.1,0.2,2.14 ,54,4%,78%
140,Week_Long,10,8,2,0.1,0.2,0.50 ,18,3%,78%
145,Week_Long,4,3,1,0.1,0.3,1.64 ,54,3%,78%
200,Week_Long,6,4,2,0.2,0.3,2.85 ,27,11%,78%
204,Week_Long,10,8,2,0.2,0.3,1.91 ,18,11%,78%
132,Week_Long,5,3,2,0.1,0.2,0.90 ,31,3%,77%
110,Week_Long,2,1,2,0.1,0.1,2.40 ,44,5%,77%
134,Week_Long,5,4,2,0.1,0.2,0.60 ,22,3%,77%
138,Week_Long,8,6,2,0.1,0.2,0.60 ,22,3%,77%
198,Week_Long,5,4,2,0.2,0.3,2.21 ,22,10%,77%
202,Week_Long,8,6,2,0.2,0.3,2.21 ,22,10%,77%
117,Week_Long,5,4,1,0.1,0.1,2.60 ,48,5%,77%
133,Week_Long,5,4,1,0.1,0.2,1.84 ,48,4%,77%
149,Week_Long,5,4,1,0.1,0.3,1.19 ,48,2%,77%
130,Week_Long,4,3,2,0.1,0.2,0.70 ,26,3%,77%
194,Week_Long,4,3,2,0.2,0.3,2.81 ,26,11%,77%
119,Week_Long,6,4,1,0.1,0.1,3.00 ,56,5%,77%
135,Week_Long,6,4,1,0.1,0.2,2.04 ,56,4%,77%
151,Week_Long,6,4,1,0.1,0.3,1.19 ,56,2%,77%
128,Week_Long,3,2,2,0.1,0.2,0.80 ,30,3%,77%
111,Week_Long,3,2,1,0.1,0.1,3.30 ,63,5%,76%
127,Week_Long,3,2,1,0.1,0.2,2.22 ,63,4%,76%
143,Week_Long,3,2,1,0.1,0.3,1.53 ,63,2%,76%
115,Week_Long,5,3,1,0.1,0.1,3.20 ,62,5%,76%
131,Week_Long,5,3,1,0.1,0.2,2.12 ,62,3%,76%
147,Week_Long,5,3,1,0.1,0.3,1.43 ,62,2%,76%
121,Week_Long,8,6,1,0.1,0.1,2.40 ,48,5%,75%
123,Week_Long,10,8,1,0.1,0.1,2.20 ,44,5%,75%
137,Week_Long,8,6,1,0.1,0.2,1.54 ,48,3%,75%
139,Week_Long,10,8,1,0.1,0.2,1.44 ,44,3%,75%
153,Week_Long,8,6,1,0.1,0.3,0.79 ,48,2%,75%
155,Week_Long,10,8,1,0.1,0.3,0.78 ,44,2%,75%
116,Week_Long,5,3,2,0.1,0.1,1.50 ,31,5%,74%
196,Week_Long,5,3,2,0.2,0.3,3.12 ,31,10%,74%
112,Week_Long,3,2,2,0.1,0.1,1.40 ,30,5%,73%
192,Week_Long,3,2,2,0.2,0.3,2.65 ,30,9%,73%
114,Week_Long,4,3,2,0.1,0.1,1.20 ,26,5%,73%
118,Week_Long,5,4,2,0.1,0.1,1.00 ,22,5%,73%
122,Week_Long,8,6,2,0.1,0.1,1.00 ,22,5%,73%
124,Week_Long,10,8,2,0.1,0.1,0.80 ,18,4%,72%
109,Week_Long,2,1,1,0.1,0.1,3.65 ,89,4%,71%
125,Week_Long,2,1,1,0.1,0.2,1.48 ,89,2%,71%
141,Week_Long,2,1,1,0.1,0.3,(0.31),89,0%,71%
184,Week_Long,6,4,2,0.2,0.2,2.00 ,27,7%,70%
178,Week_Long,4,3,2,0.2,0.2,1.80 ,26,7%,69%
182,Week_Long,5,4,2,0.2,0.2,1.40 ,22,6%,68%
186,Week_Long,8,6,2,0.2,0.2,1.40 ,22,6%,68%
190,Week_Long,2,1,2,0.2,0.3,2.49 ,44,6%,68%
180,Week_Long,5,3,2,0.2,0.2,2.00 ,31,6%,68%
168,Week_Long,6,4,2,0.2,0.1,2.70 ,27,10%,67%
176,Week_Long,3,2,2,0.2,0.2,1.68 ,30,6%,67%
188,Week_Long,10,8,2,0.2,0.2,1.00 ,18,6%,67%
248,Week_Long,6,4,2,0.3,0.3,2.84 ,27,11%,67%
252,Week_Long,10,8,2,0.3,0.3,1.80 ,18,10%,67%
162,Week_Long,4,3,2,0.2,0.1,2.50 ,26,10%,65%
242,Week_Long,4,3,2,0.3,0.3,2.70 ,26,10%,65%
164,Week_Long,5,3,2,0.2,0.1,2.90 ,31,9%,65%
244,Week_Long,5,3,2,0.3,0.3,3.31 ,31,11%,65%
166,Week_Long,5,4,2,0.2,0.1,2.00 ,22,9%,64%
170,Week_Long,8,6,2,0.2,0.1,2.00 ,22,9%,64%
174,Week_Long,2,1,2,0.2,0.2,1.97 ,44,4%,64%
246,Week_Long,5,4,2,0.3,0.3,1.89 ,22,9%,64%
250,Week_Long,8,6,2,0.3,0.3,1.80 ,22,8%,64%
159,Week_Long,3,2,1,0.2,0.1,5.22 ,63,8%,62%
175,Week_Long,3,2,1,0.2,0.2,3.59 ,63,6%,62%
191,Week_Long,3,2,1,0.2,0.3,3.30 ,63,5%,62%
163,Week_Long,5,3,1,0.2,0.1,5.02 ,62,8%,61%
179,Week_Long,5,3,1,0.2,0.2,3.39 ,62,5%,61%
195,Week_Long,5,3,1,0.2,0.3,3.10 ,62,5%,61%
161,Week_Long,4,3,1,0.2,0.1,4.50 ,54,8%,61%
172,Week_Long,10,8,2,0.2,0.1,1.50 ,18,8%,61%
177,Week_Long,4,3,1,0.2,0.2,3.09 ,54,6%,61%
193,Week_Long,4,3,1,0.2,0.3,3.00 ,54,6%,61%
167,Week_Long,6,4,1,0.2,0.1,4.60 ,56,8%,61%
183,Week_Long,6,4,1,0.2,0.2,3.09 ,56,6%,61%
199,Week_Long,6,4,1,0.2,0.3,2.64 ,56,5%,61%
160,Week_Long,3,2,2,0.2,0.1,2.40 ,30,8%,60%
240,Week_Long,3,2,2,0.3,0.3,2.26 ,30,8%,60%
173,Week_Long,2,1,1,0.2,0.2,3.73 ,89,4%,60%
189,Week_Long,2,1,1,0.2,0.3,2.24 ,89,3%,60%
232,Week_Long,6,4,2,0.3,0.2,2.20 ,27,8%,59%
238,Week_Long,2,1,2,0.3,0.3,2.79 ,44,6%,59%
157,Week_Long,2,1,1,0.2,0.1,6.37 ,89,7%,58%
165,Week_Long,5,4,1,0.2,0.1,3.60 ,48,8%,58%
169,Week_Long,8,6,1,0.2,0.1,3.60 ,48,8%,58%
181,Week_Long,5,4,1,0.2,0.2,2.29 ,48,5%,58%
185,Week_Long,8,6,1,0.2,0.2,2.20 ,48,5%,58%
197,Week_Long,5,4,1,0.2,0.3,2.04 ,48,4%,58%
201,Week_Long,8,6,1,0.2,0.3,1.85 ,48,4%,58%
228,Week_Long,5,3,2,0.3,0.2,2.40 ,31,8%,58%
243,Week_Long,5,3,1,0.3,0.3,4.34 ,62,7%,58%
226,Week_Long,4,3,2,0.3,0.2,1.90 ,26,7%,58%
241,Week_Long,4,3,1,0.3,0.3,4.04 ,54,7%,57%
239,Week_Long,3,2,1,0.3,0.3,4.19 ,63,7%,57%
247,Week_Long,6,4,1,0.3,0.3,3.58 ,56,6%,57%
158,Week_Long,2,1,2,0.2,0.1,3.10 ,44,7%,57%
171,Week_Long,10,8,1,0.2,0.1,3.10 ,44,7%,57%
187,Week_Long,10,8,1,0.2,0.2,1.80 ,44,4%,57%
203,Week_Long,10,8,1,0.2,0.3,1.55 ,44,4%,57%
227,Week_Long,5,3,1,0.3,0.2,4.62 ,62,7%,56%
216,Week_Long,6,4,2,0.3,0.1,3.09 ,27,11%,56%
223,Week_Long,3,2,1,0.3,0.2,4.48 ,63,7%,56%
225,Week_Long,4,3,1,0.3,0.2,4.13 ,54,8%,56%
236,Week_Long,10,8,2,0.3,0.2,1.00 ,18,6%,56%
231,Week_Long,6,4,1,0.3,0.2,4.02 ,56,7%,55%
237,Week_Long,2,1,1,0.3,0.3,3.74 ,89,4%,55%
212,Week_Long,5,3,2,0.3,0.1,3.49 ,31,11%,55%
222,Week_Long,2,1,2,0.3,0.2,2.37 ,44,5%,55%
230,Week_Long,5,4,2,0.3,0.2,1.28 ,22,6%,55%
234,Week_Long,8,6,2,0.3,0.2,1.20 ,22,5%,55%
251,Week_Long,10,8,1,0.3,0.3,2.18 ,44,5%,55%
245,Week_Long,5,4,1,0.3,0.3,2.70 ,48,6%,54%
249,Week_Long,8,6,1,0.3,0.3,2.19 ,48,5%,54%
207,Week_Long,3,2,1,0.3,0.1,6.38 ,63,10%,54%
210,Week_Long,4,3,2,0.3,0.1,2.79 ,26,11%,54%
209,Week_Long,4,3,1,0.3,0.1,5.72 ,54,11%,54%
224,Week_Long,3,2,2,0.3,0.2,1.37 ,30,5%,53%
211,Week_Long,5,3,1,0.3,0.1,6.23 ,62,10%,53%
221,Week_Long,2,1,1,0.3,0.2,4.78 ,89,5%,53%
235,Week_Long,10,8,1,0.3,0.2,2.33 ,44,5%,52%
229,Week_Long,5,4,1,0.3,0.2,2.94 ,48,6%,52%
233,Week_Long,8,6,1,0.3,0.2,2.53 ,48,5%,52%
215,Week_Long,6,4,1,0.3,0.1,5.52 ,56,10%,52%
213,Week_Long,5,4,1,0.3,0.1,4.43 ,48,9%,50%
214,Week_Long,5,4,2,0.3,0.1,2.08 ,22,9%,50%
218,Week_Long,8,6,2,0.3,0.1,1.99 ,22,9%,50%
220,Week_Long,10,8,2,0.3,0.1,1.59 ,18,9%,50%
205,Week_Long,2,1,1,0.3,0.1,7.53 ,89,8%,49%
217,Week_Long,8,6,1,0.3,0.1,3.92 ,48,8%,48%
206,Week_Long,2,1,2,0.3,0.1,3.79 ,44,9%,48%
219,Week_Long,10,8,1,0.3,0.1,3.52 ,44,8%,48%
208,Week_Long,3,2,2,0.3,0.1,2.39 ,30,8%,47%
286,Week_Short,2,1,2,0.1,0.3,(1.27),32,-4%,63%
292,Week_Short,5,3,2,0.1,0.3,(0.80),21,-4%,62%
340,Week_Short,5,3,2,0.2,0.3,0.39 ,21,2%,62%
289,Week_Short,4,3,1,0.1,0.3,(2.75),49,-6%,61%
287,Week_Short,3,2,1,0.1,0.3,(3.35),55,-6%,60%
334,Week_Short,2,1,2,0.2,0.3,0.36 ,32,1%,59%
291,Week_Short,5,3,1,0.1,0.3,(3.69),61,-6%,59%
290,Week_Short,4,3,2,0.1,0.3,(0.80),17,-5%,59%
338,Week_Short,4,3,2,0.2,0.3,0.09 ,17,1%,59%
386,Week_Short,4,3,2,0.3,0.3,0.26 ,17,2%,59%
288,Week_Short,3,2,2,0.1,0.3,(1.00),19,-5%,58%
336,Week_Short,3,2,2,0.2,0.3,(0.01),19,0%,58%
384,Week_Short,3,2,2,0.3,0.3,0.15 ,19,1%,58%
388,Week_Short,5,3,2,0.3,0.3,0.40 ,21,2%,57%
285,Week_Short,2,1,1,0.1,0.3,(5.99),82,-7%,56%
337,Week_Short,4,3,1,0.2,0.3,(0.83),49,-2%,55%
295,Week_Short,6,4,1,0.1,0.3,(4.09),53,-8%,55%
297,Week_Short,8,6,1,0.1,0.3,(3.65),44,-8%,55%
382,Week_Short,2,1,2,0.3,0.3,0.41 ,32,1%,53%
274,Week_Short,4,3,2,0.1,0.2,(0.70),17,-4%,53%
322,Week_Short,4,3,2,0.2,0.2,0.09 ,17,1%,53%
370,Week_Short,4,3,2,0.3,0.2,0.40 ,17,2%,53%
299,Week_Short,10,8,1,0.1,0.3,(3.20),36,-9%,53%
335,Week_Short,3,2,1,0.2,0.3,(1.46),55,-3%,53%
272,Week_Short,3,2,2,0.1,0.2,(0.80),19,-4%,53%
320,Week_Short,3,2,2,0.2,0.2,0.09 ,19,0%,53%
368,Week_Short,3,2,2,0.3,0.2,0.39 ,19,2%,53%
293,Week_Short,5,4,1,0.1,0.3,(3.65),40,-9%,53%
339,Week_Short,5,3,1,0.2,0.3,(1.43),61,-2%,52%
276,Week_Short,5,3,2,0.1,0.2,(0.90),21,-4%,52%
324,Week_Short,5,3,2,0.2,0.2,0.09 ,21,0%,52%
372,Week_Short,5,3,2,0.3,0.2,0.60 ,21,3%,52%
385,Week_Short,4,3,1,0.3,0.3,(0.36),49,-1%,51%
270,Week_Short,2,1,2,0.1,0.2,(1.60),32,-5%,50%
280,Week_Short,6,4,2,0.1,0.2,(0.80),16,-5%,50%
282,Week_Short,8,6,2,0.1,0.2,(0.70),14,-5%,50%
284,Week_Short,10,8,2,0.1,0.2,(0.40),8,-5%,50%
296,Week_Short,6,4,2,0.1,0.3,(1.30),16,-8%,50%
298,Week_Short,8,6,2,0.1,0.3,(1.10),14,-8%,50%
300,Week_Short,10,8,2,0.1,0.3,(0.50),8,-6%,50%
318,Week_Short,2,1,2,0.2,0.2,(0.11),32,0%,50%
328,Week_Short,6,4,2,0.2,0.2,(0.11),16,-1%,50%
330,Week_Short,8,6,2,0.2,0.2,(0.11),14,-1%,50%
332,Week_Short,10,8,2,0.2,0.2,0.00 ,8,0%,50%
344,Week_Short,6,4,2,0.2,0.3,(0.61),16,-4%,50%
345,Week_Short,8,6,1,0.2,0.3,(2.13),44,-5%,50%
346,Week_Short,8,6,2,0.2,0.3,(0.51),14,-4%,50%
347,Week_Short,10,8,1,0.2,0.3,(1.69),36,-5%,50%
348,Week_Short,10,8,2,0.2,0.3,(0.10),8,-1%,50%
366,Week_Short,2,1,2,0.3,0.2,0.76 ,32,2%,50%
376,Week_Short,6,4,2,0.3,0.2,0.33 ,16,2%,50%
378,Week_Short,8,6,2,0.3,0.2,0.23 ,14,2%,50%
380,Week_Short,10,8,2,0.3,0.2,0.13 ,8,2%,50%
392,Week_Short,6,4,2,0.3,0.3,(0.17),16,-1%,50%
394,Week_Short,8,6,2,0.3,0.3,(0.17),14,-1%,50%
396,Week_Short,10,8,2,0.3,0.3,0.03 ,8,0%,50%
275,Week_Short,5,3,1,0.1,0.2,(3.05),61,-5%,49%
387,Week_Short,5,3,1,0.3,0.3,(0.95),61,-2%,49%
271,Week_Short,3,2,1,0.1,0.2,(2.90),55,-5%,49%
383,Week_Short,3,2,1,0.3,0.3,(0.94),55,-2%,49%
343,Week_Short,6,4,1,0.2,0.3,(2.32),53,-4%,49%
273,Week_Short,4,3,1,0.1,0.2,(2.60),49,-5%,49%
269,Week_Short,2,1,1,0.1,0.2,(4.25),82,-5%,49%
333,Week_Short,2,1,1,0.2,0.3,(3.29),82,-4%,49%
341,Week_Short,5,4,1,0.2,0.3,(2.33),40,-6%,48%
278,Week_Short,5,4,2,0.1,0.2,(0.80),13,-6%,46%
294,Week_Short,5,4,2,0.1,0.3,(1.20),13,-9%,46%
326,Week_Short,5,4,2,0.2,0.2,(0.31),13,-2%,46%
342,Week_Short,5,4,2,0.2,0.3,(0.71),13,-5%,46%
374,Week_Short,5,4,2,0.3,0.2,(0.07),13,-1%,46%
390,Week_Short,5,4,2,0.3,0.3,(0.47),13,-4%,46%
393,Week_Short,8,6,1,0.3,0.3,(1.39),44,-3%,45%
279,Week_Short,6,4,1,0.1,0.2,(3.25),53,-6%,45%
391,Week_Short,6,4,1,0.3,0.3,(1.73),53,-3%,45%
381,Week_Short,2,1,1,0.3,0.3,(2.19),82,-3%,45%
321,Week_Short,4,3,1,0.2,0.2,(0.69),49,-1%,45%
283,Week_Short,10,8,1,0.1,0.2,(2.40),36,-7%,44%
395,Week_Short,10,8,1,0.3,0.3,(1.25),36,-3%,44%
323,Week_Short,5,3,1,0.2,0.2,(0.78),61,-1%,44%
254,Week_Short,2,1,2,0.1,0.1,(0.40),32,-1%,44%
302,Week_Short,2,1,2,0.2,0.1,1.00 ,32,3%,44%
350,Week_Short,2,1,2,0.3,0.1,1.86 ,32,6%,44%
319,Week_Short,3,2,1,0.2,0.2,(1.02),55,-2%,44%
281,Week_Short,8,6,1,0.1,0.2,(3.10),44,-7%,43%
260,Week_Short,5,3,2,0.1,0.1,(0.30),21,-1%,43%
308,Week_Short,5,3,2,0.2,0.1,0.60 ,21,3%,43%
356,Week_Short,5,3,2,0.3,0.1,1.10 ,21,5%,43%
369,Week_Short,4,3,1,0.3,0.2,0.40 ,49,1%,43%
317,Week_Short,2,1,1,0.2,0.2,(1.54),82,-2%,43%
371,Week_Short,5,3,1,0.3,0.2,0.31 ,61,1%,43%
277,Week_Short,5,4,1,0.1,0.2,(2.90),40,-7%,43%
389,Week_Short,5,4,1,0.3,0.3,(2.04),40,-5%,43%
256,Week_Short,3,2,2,0.1,0.1,(0.30),19,-2%,42%
304,Week_Short,3,2,2,0.2,0.1,0.50 ,19,3%,42%
352,Week_Short,3,2,2,0.3,0.1,0.79 ,19,4%,42%
367,Week_Short,3,2,1,0.3,0.2,0.12 ,55,0%,42%
331,Week_Short,10,8,1,0.2,0.2,(1.09),36,-3%,42%
327,Week_Short,6,4,1,0.2,0.2,(1.38),53,-3%,42%
258,Week_Short,4,3,2,0.1,0.1,(0.30),17,-2%,41%
306,Week_Short,4,3,2,0.2,0.1,0.40 ,17,2%,41%
354,Week_Short,4,3,2,0.3,0.1,0.70 ,17,4%,41%
329,Week_Short,8,6,1,0.2,0.2,(1.49),44,-3%,41%
365,Week_Short,2,1,1,0.3,0.2,0.17 ,82,0%,40%
325,Week_Short,5,4,1,0.2,0.2,(1.49),40,-4%,40%
375,Week_Short,6,4,1,0.3,0.2,(0.35),53,-1%,40%
379,Week_Short,10,8,1,0.3,0.2,(0.21),36,-1%,39%
377,Week_Short,8,6,1,0.3,0.2,(0.31),44,-1%,39%
264,Week_Short,6,4,2,0.1,0.1,(0.40),16,-3%,38%
268,Week_Short,10,8,2,0.1,0.1,(0.20),8,-2%,38%
312,Week_Short,6,4,2,0.2,0.1,0.20 ,16,1%,38%
316,Week_Short,10,8,2,0.2,0.1,0.10 ,8,1%,38%
360,Week_Short,6,4,2,0.3,0.1,0.63 ,16,4%,38%
364,Week_Short,10,8,2,0.3,0.1,0.23 ,8,3%,38%
373,Week_Short,5,4,1,0.3,0.2,(0.77),40,-2%,38%
266,Week_Short,8,6,2,0.1,0.1,(0.40),14,-3%,36%
314,Week_Short,8,6,2,0.2,0.1,0.10 ,14,1%,36%
362,Week_Short,8,6,2,0.3,0.1,0.43 ,14,3%,36%
253,Week_Short,2,1,1,0.1,0.1,(3.00),82,-4%,32%
262,Week_Short,5,4,2,0.1,0.1,(0.50),13,-4%,31%
310,Week_Short,5,4,2,0.2,0.1,(0.10),13,-1%,31%
358,Week_Short,5,4,2,0.3,0.1,0.13 ,13,1%,31%
257,Week_Short,4,3,1,0.1,0.1,(1.90),49,-4%,31%
301,Week_Short,2,1,1,0.2,0.1,(0.60),82,-1%,30%
259,Week_Short,5,3,1,0.1,0.1,(2.50),61,-4%,30%
349,Week_Short,2,1,1,0.3,0.1,0.89 ,82,1%,29%
255,Week_Short,3,2,1,0.1,0.1,(2.30),55,-4%,29%
305,Week_Short,4,3,1,0.2,0.1,(0.60),49,-1%,29%
353,Week_Short,4,3,1,0.3,0.1,0.31 ,49,1%,29%
307,Week_Short,5,3,1,0.2,0.1,(0.90),61,-1%,28%
355,Week_Short,5,3,1,0.3,0.1,0.02 ,61,0%,28%
303,Week_Short,3,2,1,0.2,0.1,(0.90),55,-2%,27%
351,Week_Short,3,2,1,0.3,0.1,0.11 ,55,0%,27%
263,Week_Short,6,4,1,0.1,0.1,(2.70),53,-5%,25%
311,Week_Short,6,4,1,0.2,0.1,(1.40),53,-3%,25%
359,Week_Short,6,4,1,0.3,0.1,(0.64),53,-1%,25%
265,Week_Short,8,6,1,0.1,0.1,(2.40),44,-5%,23%
313,Week_Short,8,6,1,0.2,0.1,(1.40),44,-3%,23%
361,Week_Short,8,6,1,0.3,0.1,(0.40),44,-1%,23%
261,Week_Short,5,4,1,0.1,0.1,(2.20),40,-6%,23%
309,Week_Short,5,4,1,0.2,0.1,(1.30),40,-3%,23%
357,Week_Short,5,4,1,0.3,0.1,(0.65),40,-2%,23%
267,Week_Short,10,8,1,0.1,0.1,(2.00),36,-6%,22%
315,Week_Short,10,8,1,0.2,0.1,(1.20),36,-3%,22%
363,Week_Short,10,8,1,0.3,0.1,(0.40),36,-1%,22%
